Order ID,Order Date,Customer ID,Product Category,Quantity Sold,Region,Product Name, Unit Price , Total Sales ,Average Order Value
ORD-00001,1/11/2022,CUST-121,Electronics,1,East,Phone, $579.82 , $579.82 , $579.82 
ORD-00002,9/12/2023,CUST-152,Books,9,East,Mystery, $136.62 ," $1,229.58 ", $136.62 
ORD-00003,1/26/2022,CUST-158,Furniture,1,North,Sofa, $816.94 , $816.94 , $816.94 
ORD-00004,2/25/2023,CUST-193,Books,3,West,Science Fiction, $133.43 , $400.29 , $133.43 
ORD-00005,10/25/2023,CUST-129,Books,1,North,Mystery, $57.17 , $57.17 , $57.17 
ORD-00006,8/9/2022,CUST-107,Books,3,East,Science Fiction, $54.19 , $162.57 , $54.19 
ORD-00007,5/11/2023,CUST-197,Electronics,2,East,Laptop, $378.18 , $756.36 , $378.18 
ORD-00008,8/25/2022,CUST-156,Toys,2,West,Puzzle, $22.68 , $45.36 , $22.68 
ORD-00009,8/25/2022,CUST-172,Furniture,9,North,Table, $674.71 ," $6,072.39 ", $674.71 
ORD-00010,8/7/2022,CUST-119,Apparel,8,East,Shoes, $12.90 , $103.20 , $12.90 
ORD-00011,5/2/2023,CUST-124,Toys,1,East,Doll, $5.56 , $5.56 , $5.56 
ORD-00012,4/6/2023,CUST-118,Electronics,4,North,Laptop, $965.62 ," $3,862.48 ", $965.62 
ORD-00013,10/25/2023,CUST-104,Books,1,North,Science Fiction, $74.33 , $74.33 , $74.33 
ORD-00014,9/27/2023,CUST-174,Apparel,1,South,Shirt, $208.81 , $208.81 , $208.81 
ORD-00015,5/24/2022,CUST-178,Furniture,4,West,Table, $275.15 ," $1,100.60 ", $275.15 
ORD-00016,7/8/2022,CUST-171,Toys,2,West,Doll, $75.33 , $150.66 , $75.33 
ORD-00017,9/12/2022,CUST-182,Toys,3,North,Car, $74.94 , $224.82 , $74.94 
ORD-00018,3/9/2022,CUST-186,Apparel,9,West,Jacket, $171.77 ," $1,545.93 ", $171.77 
ORD-00019,9/8/2023,CUST-126,Electronics,2,East,Headphones, $750.50 ," $1,501.00 ", $750.50 
ORD-00020,12/2/2022,CUST-139,Furniture,4,North,Table, $530.27 ," $2,121.08 ", $530.27 
ORD-00021,11/2/2023,CUST-195,Apparel,1,North,Shoes, $169.39 , $169.39 , $169.39 
ORD-00022,2/13/2023,CUST-125,Books,2,North,Mystery, $113.98 , $227.96 , $113.98 
ORD-00023,10/27/2022,CUST-126,Furniture,5,South,Chair, $852.12 ," $4,260.60 ", $852.12 
ORD-00024,8/25/2023,CUST-161,Toys,1,West,Car, $7.97 , $7.97 , $7.97 
ORD-00025,12/23/2022,CUST-182,Apparel,7,South,Shirt, $226.16 ," $1,583.12 ", $226.16 
ORD-00026,9/13/2022,CUST-149,Toys,4,East,Car, $69.18 , $276.72 , $69.18 
ORD-00027,12/19/2022,CUST-141,Toys,6,West,Doll, $25.69 , $154.14 , $25.69 
ORD-00028,6/5/2023,CUST-128,Toys,8,South,Car, $93.60 , $748.80 , $93.60 
ORD-00029,6/8/2023,CUST-138,Electronics,6,North,Headphones, $463.03 ," $2,778.18 ", $463.03 
ORD-00030,11/25/2023,CUST-159,Toys,2,South,Doll, $31.71 , $63.42 , $31.71 
ORD-00031,10/11/2022,CUST-140,Books,1,North,Mystery, $31.41 , $31.41 , $31.41 
ORD-00032,11/8/2022,CUST-132,Books,8,South,Romance, $45.29 , $362.32 , $45.29 
ORD-00033,4/9/2022,CUST-182,Furniture,8,South,Sofa, $981.99 ," $7,855.92 ", $981.99 
ORD-00034,7/16/2022,CUST-182,Toys,9,South,Doll, $12.52 , $112.68 , $12.52 
ORD-00035,4/27/2023,CUST-196,Toys,6,North,Car, $60.53 , $363.18 , $60.53 
ORD-00036,8/14/2022,CUST-115,Apparel,1,South,Jacket, $110.50 , $110.50 , $110.50 
ORD-00037,9/7/2023,CUST-122,Electronics,9,West,Laptop, $309.69 ," $2,787.21 ", $309.69 
ORD-00038,9/10/2023,CUST-106,Furniture,3,West,Sofa, $540.20 ," $1,620.60 ", $540.20 
ORD-00039,12/31/2022,CUST-125,Toys,6,West,Car, $19.06 , $114.36 , $19.06 
ORD-00040,1/3/2023,CUST-195,Apparel,9,North,Jacket, $125.37 ," $1,128.33 ", $125.37 
ORD-00041,7/24/2023,CUST-111,Electronics,3,North,Phone, $190.82 , $572.46 , $190.82 
ORD-00042,8/13/2023,CUST-171,Furniture,5,West,Table, $759.78 ," $3,798.90 ", $759.78 
ORD-00043,3/16/2022,CUST-104,Furniture,5,West,Table, $787.65 ," $3,938.25 ", $787.65 
ORD-00044,2/11/2022,CUST-191,Toys,7,West,Puzzle, $38.96 , $272.72 , $38.96 
ORD-00045,2/26/2023,CUST-168,Furniture,4,East,Chair, $268.74 ," $1,074.96 ", $268.74 
ORD-00046,6/30/2022,CUST-148,Apparel,4,West,Jacket, $60.37 , $241.48 , $60.37 
ORD-00047,6/29/2023,CUST-125,Furniture,7,South,Chair, $68.61 , $480.27 , $68.61 
ORD-00048,3/12/2022,CUST-104,Books,9,East,Mystery, $122.84 ," $1,105.56 ", $122.84 
ORD-00049,7/22/2023,CUST-121,Apparel,4,East,Jacket, $225.67 , $902.68 , $225.67 
ORD-00050,4/15/2022,CUST-178,Electronics,4,North,Laptop, $630.75 ," $2,523.00 ", $630.75 
ORD-00051,7/19/2022,CUST-112,Electronics,6,South,Phone, $811.97 ," $4,871.82 ", $811.97 
ORD-00052,4/11/2022,CUST-127,Toys,6,North,Car, $29.54 , $177.24 , $29.54 
ORD-00053,11/3/2022,CUST-132,Toys,7,North,Car, $20.99 , $146.93 , $20.99 
ORD-00054,8/9/2023,CUST-122,Books,1,South,Mystery, $128.50 , $128.50 , $128.50 
ORD-00055,11/14/2023,CUST-196,Electronics,3,North,Headphones, $600.06 ," $1,800.18 ", $600.06 
ORD-00056,1/12/2023,CUST-117,Electronics,9,South,Headphones, $733.61 ," $6,602.49 ", $733.61 
ORD-00057,10/17/2023,CUST-129,Electronics,6,South,Laptop, $199.85 ," $1,199.10 ", $199.85 
ORD-00058,11/9/2023,CUST-125,Electronics,6,North,Laptop, $794.81 ," $4,768.86 ", $794.81 
ORD-00059,2/3/2023,CUST-115,Furniture,5,West,Chair, $185.78 , $928.90 , $185.78 
ORD-00060,8/9/2022,CUST-176,Apparel,3,North,Shoes, $49.25 , $147.75 , $49.25 
ORD-00061,8/18/2023,CUST-138,Apparel,5,East,Shirt, $145.95 , $729.75 , $145.95 
ORD-00062,7/1/2022,CUST-132,Books,1,North,Science Fiction, $79.41 , $79.41 , $79.41 
ORD-00063,11/3/2022,CUST-125,Furniture,3,South,Chair, $225.49 , $676.47 , $225.49 
ORD-00064,6/6/2023,CUST-147,Electronics,4,East,Headphones, $700.69 ," $2,802.76 ", $700.69 
ORD-00065,1/31/2023,CUST-164,Electronics,5,South,Phone, $967.20 ," $4,836.00 ", $967.20 
ORD-00066,1/4/2022,CUST-137,Toys,9,West,Doll, $63.99 , $575.91 , $63.99 
ORD-00067,10/8/2022,CUST-101,Toys,4,West,Doll, $52.03 , $208.12 , $52.03 
ORD-00068,8/3/2022,CUST-105,Books,3,East,Romance, $27.72 , $83.16 , $27.72 
ORD-00069,9/2/2023,CUST-145,Electronics,1,West,Phone, $787.13 , $787.13 , $787.13 
ORD-00070,2/24/2023,CUST-149,Books,6,West,Romance, $77.31 , $463.86 , $77.31 
ORD-00071,4/11/2022,CUST-137,Furniture,7,North,Table, $574.00 ," $4,018.00 ", $574.00 
ORD-00072,6/5/2023,CUST-187,Apparel,8,North,Shoes, $62.51 , $500.08 , $62.51 
ORD-00073,7/27/2023,CUST-117,Electronics,1,West,Phone, $136.42 , $136.42 , $136.42 
ORD-00074,11/5/2022,CUST-126,Furniture,4,West,Sofa, $624.47 ," $2,497.88 ", $624.47 
ORD-00075,10/20/2023,CUST-140,Electronics,5,North,Headphones, $860.32 ," $4,301.60 ", $860.32 
ORD-00076,5/25/2023,CUST-171,Toys,2,West,Doll, $63.31 , $126.62 , $63.31 
ORD-00077,3/4/2022,CUST-191,Books,1,West,Mystery, $109.30 , $109.30 , $109.30 
ORD-00078,9/25/2023,CUST-173,Toys,8,South,Car, $76.39 , $611.12 , $76.39 
ORD-00079,8/14/2022,CUST-116,Apparel,6,West,Jacket, $148.49 , $890.94 , $148.49 
ORD-00080,4/15/2022,CUST-161,Toys,5,East,Puzzle, $27.26 , $136.30 , $27.26 
ORD-00081,3/1/2023,CUST-128,Electronics,9,South,Laptop, $371.04 ," $3,339.36 ", $371.04 
ORD-00082,9/12/2022,CUST-157,Toys,2,East,Puzzle, $87.58 , $175.16 , $87.58 
ORD-00083,3/5/2023,CUST-169,Electronics,8,West,Laptop, $474.61 ," $3,796.88 ", $474.61 
ORD-00084,3/10/2023,CUST-177,Apparel,9,North,Shirt, $138.22 ," $1,243.98 ", $138.22 
ORD-00085,7/26/2022,CUST-121,Toys,1,South,Car, $59.84 , $59.84 , $59.84 
ORD-00086,1/28/2022,CUST-105,Books,7,North,Science Fiction, $67.50 , $472.50 , $67.50 
ORD-00087,11/13/2023,CUST-125,Books,8,South,Science Fiction, $11.16 , $89.28 , $11.16 
ORD-00088,12/2/2022,CUST-138,Books,3,North,Romance, $142.10 , $426.30 , $142.10 
ORD-00089,8/11/2023,CUST-111,Toys,4,South,Puzzle, $34.03 , $136.12 , $34.03 
ORD-00090,9/20/2023,CUST-198,Toys,3,South,Car, $59.92 , $179.76 , $59.92 
ORD-00091,3/10/2022,CUST-113,Toys,7,East,Doll, $78.63 , $550.41 , $78.63 
ORD-00092,5/28/2023,CUST-121,Electronics,9,North,Phone, $615.58 ," $5,540.22 ", $615.58 
ORD-00093,6/16/2022,CUST-150,Apparel,3,East,Shoes, $144.36 , $433.08 , $144.36 
ORD-00094,1/3/2023,CUST-122,Books,6,East,Mystery, $132.68 , $796.08 , $132.68 
ORD-00095,9/8/2022,CUST-147,Electronics,8,North,Laptop, $266.69 ," $2,133.52 ", $266.69 
ORD-00096,11/17/2023,CUST-170,Books,6,South,Romance, $102.01 , $612.06 , $102.01 
ORD-00097,6/19/2022,CUST-149,Electronics,2,East,Phone, $686.70 ," $1,373.40 ", $686.70 
ORD-00098,3/31/2022,CUST-188,Toys,7,North,Doll, $91.49 , $640.43 , $91.49 
ORD-00099,7/15/2023,CUST-112,Books,2,South,Romance, $79.53 , $159.06 , $79.53 
ORD-00100,3/22/2023,CUST-184,Toys,2,East,Car, $69.84 , $139.68 , $69.84 
ORD-00101,10/21/2022,CUST-109,Books,2,East,Romance, $27.41 , $54.82 , $27.41 
ORD-00102,5/30/2022,CUST-154,Furniture,1,East,Chair, $448.65 , $448.65 , $448.65 
ORD-00103,5/12/2022,CUST-108,Electronics,1,South,Headphones, $616.29 , $616.29 , $616.29 
ORD-00104,3/9/2023,CUST-178,Furniture,7,East,Sofa, $481.06 ," $3,367.42 ", $481.06 
ORD-00105,2/28/2022,CUST-151,Electronics,5,South,Headphones, $834.57 ," $4,172.85 ", $834.57 
ORD-00106,7/18/2022,CUST-101,Apparel,3,West,Shoes, $157.75 , $473.25 , $157.75 
ORD-00107,8/3/2022,CUST-124,Books,1,East,Romance, $111.31 , $111.31 , $111.31 
ORD-00108,7/15/2023,CUST-112,Apparel,6,West,Shirt, $110.32 , $661.92 , $110.32 
ORD-00109,4/17/2023,CUST-197,Apparel,1,North,Jacket, $118.49 , $118.49 , $118.49 
ORD-00110,9/4/2022,CUST-150,Electronics,9,East,Phone, $414.86 ," $3,733.74 ", $414.86 
ORD-00111,1/17/2023,CUST-157,Furniture,2,North,Chair, $729.82 ," $1,459.64 ", $729.82 
ORD-00112,8/27/2022,CUST-133,Toys,1,North,Puzzle, $14.25 , $14.25 , $14.25 
ORD-00113,1/2/2023,CUST-134,Electronics,7,North,Headphones, $931.26 ," $6,518.82 ", $931.26 
ORD-00114,6/17/2022,CUST-102,Toys,6,West,Puzzle, $19.46 , $116.76 , $19.46 
ORD-00115,7/14/2023,CUST-158,Apparel,6,South,Jacket, $89.92 , $539.52 , $89.92 
ORD-00116,2/20/2022,CUST-169,Toys,5,West,Puzzle, $20.94 , $104.70 , $20.94 
ORD-00117,9/2/2023,CUST-147,Furniture,4,West,Table, $605.28 ," $2,421.12 ", $605.28 
ORD-00118,12/29/2023,CUST-163,Electronics,4,North,Laptop, $943.59 ," $3,774.36 ", $943.59 
ORD-00119,11/20/2023,CUST-118,Furniture,3,East,Sofa, $353.35 ," $1,060.05 ", $353.35 
ORD-00120,1/15/2023,CUST-166,Furniture,8,South,Table, $56.90 , $455.20 , $56.90 
ORD-00121,4/19/2023,CUST-181,Electronics,7,North,Laptop, $727.61 ," $5,093.27 ", $727.61 
ORD-00122,3/21/2022,CUST-172,Furniture,9,South,Chair, $428.96 ," $3,860.64 ", $428.96 
ORD-00123,11/28/2023,CUST-175,Books,1,West,Romance, $126.45 , $126.45 , $126.45 
ORD-00124,1/2/2023,CUST-104,Books,7,South,Science Fiction, $128.83 , $901.81 , $128.83 
ORD-00125,4/6/2023,CUST-166,Books,4,South,Science Fiction, $93.80 , $375.20 , $93.80 
ORD-00126,6/23/2023,CUST-110,Toys,7,East,Puzzle, $35.28 , $246.96 , $35.28 
ORD-00127,3/28/2023,CUST-193,Furniture,1,North,Table, $944.18 , $944.18 , $944.18 
ORD-00128,4/9/2023,CUST-167,Electronics,5,South,Phone, $948.08 ," $4,740.40 ", $948.08 
ORD-00129,4/23/2023,CUST-168,Electronics,3,South,Phone, $242.16 , $726.48 , $242.16 
ORD-00130,2/24/2023,CUST-100,Toys,5,West,Doll, $78.37 , $391.85 , $78.37 
ORD-00131,12/8/2023,CUST-190,Electronics,4,West,Laptop, $645.44 ," $2,581.76 ", $645.44 
ORD-00132,8/2/2022,CUST-191,Books,2,South,Science Fiction, $132.06 , $264.12 , $132.06 
ORD-00133,1/4/2023,CUST-162,Furniture,4,North,Sofa, $646.66 ," $2,586.64 ", $646.66 
ORD-00134,4/24/2022,CUST-128,Electronics,3,South,Phone, $232.82 , $698.46 , $232.82 
ORD-00135,5/18/2023,CUST-181,Electronics,1,South,Laptop, $758.33 , $758.33 , $758.33 
ORD-00136,9/28/2023,CUST-111,Apparel,8,East,Shoes, $203.20 ," $1,625.60 ", $203.20 
ORD-00137,8/11/2023,CUST-176,Apparel,5,North,Shoes, $125.89 , $629.45 , $125.89 
ORD-00138,11/7/2022,CUST-140,Apparel,4,East,Shirt, $243.92 , $975.68 , $243.92 
ORD-00139,4/14/2023,CUST-101,Furniture,5,North,Sofa, $747.50 ," $3,737.50 ", $747.50 
ORD-00140,12/9/2023,CUST-136,Books,4,North,Mystery, $15.35 , $61.40 , $15.35 
ORD-00141,2/13/2022,CUST-144,Books,3,North,Mystery, $101.42 , $304.26 , $101.42 
ORD-00142,2/19/2023,CUST-179,Books,5,East,Mystery, $32.05 , $160.25 , $32.05 
ORD-00143,11/29/2023,CUST-147,Furniture,4,East,Sofa, $55.63 , $222.52 , $55.63 
ORD-00144,9/3/2022,CUST-123,Furniture,1,East,Table, $205.81 , $205.81 , $205.81 
ORD-00145,3/25/2022,CUST-198,Apparel,3,West,Jacket, $95.66 , $286.98 , $95.66 
ORD-00146,7/26/2022,CUST-121,Electronics,8,East,Headphones, $453.95 ," $3,631.60 ", $453.95 
ORD-00147,5/31/2022,CUST-199,Toys,7,West,Puzzle, $21.10 , $147.70 , $21.10 
ORD-00148,10/30/2023,CUST-110,Toys,2,West,Puzzle, $24.37 , $48.74 , $24.37 
ORD-00149,6/12/2023,CUST-157,Electronics,1,West,Laptop, $678.55 , $678.55 , $678.55 
ORD-00150,6/14/2022,CUST-145,Apparel,3,South,Shirt, $174.78 , $524.34 , $174.78 
ORD-00151,5/25/2022,CUST-128,Electronics,5,South,Phone, $381.72 ," $1,908.60 ", $381.72 
ORD-00152,2/6/2022,CUST-134,Electronics,1,South,Headphones, $966.98 , $966.98 , $966.98 
ORD-00153,11/29/2022,CUST-114,Toys,3,West,Car, $86.18 , $258.54 , $86.18 
ORD-00154,2/7/2023,CUST-159,Apparel,3,West,Shoes, $204.43 , $613.29 , $204.43 
ORD-00155,2/18/2023,CUST-194,Furniture,5,North,Sofa, $869.88 ," $4,349.40 ", $869.88 
ORD-00156,2/14/2022,CUST-141,Toys,3,West,Doll, $82.59 , $247.77 , $82.59 
ORD-00157,2/6/2023,CUST-142,Furniture,9,South,Sofa, $283.22 ," $2,548.98 ", $283.22 
ORD-00158,7/25/2022,CUST-179,Apparel,1,West,Shirt, $75.89 , $75.89 , $75.89 
ORD-00159,3/3/2022,CUST-173,Electronics,4,West,Phone, $252.95 ," $1,011.80 ", $252.95 
ORD-00160,2/24/2023,CUST-148,Books,4,North,Romance, $89.07 , $356.28 , $89.07 
ORD-00161,4/13/2023,CUST-163,Books,1,West,Mystery, $132.52 , $132.52 , $132.52 
ORD-00162,1/19/2022,CUST-131,Apparel,2,East,Shoes, $164.78 , $329.56 , $164.78 
ORD-00163,12/31/2022,CUST-163,Books,1,North,Mystery, $40.00 , $40.00 , $40.00 
ORD-00164,10/27/2022,CUST-101,Furniture,6,West,Table, $859.66 ," $5,157.96 ", $859.66 
ORD-00165,1/7/2022,CUST-123,Books,3,West,Science Fiction, $82.73 , $248.19 , $82.73 
ORD-00166,3/4/2023,CUST-186,Apparel,7,North,Shirt, $167.10 ," $1,169.70 ", $167.10 
ORD-00167,4/27/2022,CUST-165,Apparel,5,West,Shirt, $143.63 , $718.15 , $143.63 
ORD-00168,8/3/2023,CUST-137,Furniture,9,South,Sofa, $812.65 ," $7,313.85 ", $812.65 
ORD-00169,5/22/2023,CUST-130,Books,7,East,Mystery, $113.08 , $791.56 , $113.08 
ORD-00170,6/30/2023,CUST-125,Books,4,East,Romance, $69.58 , $278.32 , $69.58 
ORD-00171,12/7/2023,CUST-128,Electronics,5,South,Headphones, $204.68 ," $1,023.40 ", $204.68 
ORD-00172,11/21/2022,CUST-166,Toys,5,West,Car, $62.12 , $310.60 , $62.12 
ORD-00173,2/24/2022,CUST-177,Apparel,5,West,Shoes, $29.11 , $145.55 , $29.11 
ORD-00174,2/11/2022,CUST-124,Electronics,9,East,Phone, $598.34 ," $5,385.06 ", $598.34 
ORD-00175,10/24/2022,CUST-147,Apparel,3,West,Shoes, $174.97 , $524.91 , $174.97 
ORD-00176,8/19/2022,CUST-164,Electronics,6,East,Phone, $778.63 ," $4,671.78 ", $778.63 
ORD-00177,3/29/2023,CUST-152,Toys,8,East,Car, $77.72 , $621.76 , $77.72 
ORD-00178,1/29/2023,CUST-166,Electronics,9,South,Laptop, $597.53 ," $5,377.77 ", $597.53 
ORD-00179,6/6/2023,CUST-189,Apparel,7,East,Jacket, $100.25 , $701.75 , $100.25 
ORD-00180,12/24/2022,CUST-117,Books,3,West,Romance, $81.76 , $245.28 , $81.76 
ORD-00181,3/20/2023,CUST-108,Apparel,1,West,Jacket, $70.52 , $70.52 , $70.52 
ORD-00182,5/8/2022,CUST-137,Furniture,4,North,Chair, $695.14 ," $2,780.56 ", $695.14 
ORD-00183,11/22/2023,CUST-186,Furniture,6,West,Chair, $643.07 ," $3,858.42 ", $643.07 
ORD-00184,2/9/2023,CUST-120,Furniture,3,North,Chair, $538.67 ," $1,616.01 ", $538.67 
ORD-00185,1/27/2023,CUST-164,Furniture,1,East,Sofa, $800.44 , $800.44 , $800.44 
ORD-00186,7/12/2022,CUST-120,Toys,6,West,Car, $57.90 , $347.40 , $57.90 
ORD-00187,8/27/2023,CUST-126,Books,1,South,Mystery, $15.77 , $15.77 , $15.77 
ORD-00188,3/19/2022,CUST-169,Books,9,South,Mystery, $106.56 , $959.04 , $106.56 
ORD-00189,3/26/2022,CUST-143,Apparel,1,South,Jacket, $161.21 , $161.21 , $161.21 
ORD-00190,1/30/2022,CUST-199,Electronics,6,East,Phone, $578.39 ," $3,470.34 ", $578.39 
ORD-00191,12/26/2023,CUST-127,Apparel,1,East,Shirt, $148.78 , $148.78 , $148.78 
ORD-00192,2/18/2022,CUST-144,Apparel,7,North,Jacket, $38.40 , $268.80 , $38.40 
ORD-00193,5/25/2022,CUST-116,Apparel,3,South,Shirt, $78.80 , $236.40 , $78.80 
ORD-00194,3/10/2022,CUST-139,Apparel,6,North,Shoes, $119.99 , $719.94 , $119.99 
ORD-00195,2/27/2022,CUST-102,Books,7,North,Science Fiction, $17.32 , $121.24 , $17.32 
ORD-00196,11/28/2023,CUST-175,Electronics,1,West,Phone, $181.01 , $181.01 , $181.01 
ORD-00197,7/28/2023,CUST-175,Apparel,1,West,Shoes, $34.91 , $34.91 , $34.91 
ORD-00198,4/24/2023,CUST-165,Books,5,South,Mystery, $93.81 , $469.05 , $93.81 
ORD-00199,3/21/2023,CUST-145,Apparel,6,East,Jacket, $168.15 ," $1,008.90 ", $168.15 
ORD-00200,10/23/2022,CUST-185,Furniture,9,West,Chair, $804.26 ," $7,238.34 ", $804.26 
ORD-00201,11/9/2023,CUST-186,Apparel,1,East,Jacket, $138.05 , $138.05 , $138.05 
ORD-00202,6/20/2022,CUST-129,Apparel,4,North,Jacket, $134.23 , $536.92 , $134.23 
ORD-00203,7/29/2023,CUST-168,Toys,8,North,Car, $52.72 , $421.76 , $52.72 
ORD-00204,5/27/2022,CUST-108,Furniture,9,North,Table, $399.31 ," $3,593.79 ", $399.31 
ORD-00205,4/29/2023,CUST-184,Electronics,3,North,Phone, $137.31 , $411.93 , $137.31 
ORD-00206,11/2/2022,CUST-110,Apparel,2,South,Shoes, $68.62 , $137.24 , $68.62 
ORD-00207,11/4/2023,CUST-168,Electronics,4,North,Headphones, $849.11 ," $3,396.44 ", $849.11 
ORD-00208,10/15/2023,CUST-198,Furniture,2,West,Table, $732.86 ," $1,465.72 ", $732.86 
ORD-00209,9/1/2023,CUST-190,Apparel,1,North,Shoes, $213.07 , $213.07 , $213.07 
ORD-00210,3/22/2023,CUST-165,Toys,3,East,Car, $64.60 , $193.80 , $64.60 
ORD-00211,8/9/2022,CUST-187,Books,7,West,Mystery, $30.34 , $212.38 , $30.34 
ORD-00212,7/9/2023,CUST-130,Toys,1,East,Car, $96.75 , $96.75 , $96.75 
ORD-00213,1/13/2023,CUST-132,Toys,2,East,Doll, $44.20 , $88.40 , $44.20 
ORD-00214,9/12/2023,CUST-138,Books,1,South,Mystery, $14.20 , $14.20 , $14.20 
ORD-00215,9/23/2022,CUST-193,Books,8,South,Romance, $82.44 , $659.52 , $82.44 
ORD-00216,4/5/2022,CUST-145,Books,5,East,Romance, $82.34 , $411.70 , $82.34 
ORD-00217,9/19/2022,CUST-136,Apparel,8,East,Shoes, $83.85 , $670.80 , $83.85 
ORD-00218,3/12/2022,CUST-191,Electronics,3,North,Headphones, $136.67 , $410.01 , $136.67 
ORD-00219,8/7/2022,CUST-159,Electronics,7,West,Laptop, $996.46 ," $6,975.22 ", $996.46 
ORD-00220,6/17/2023,CUST-130,Books,8,North,Science Fiction, $143.08 ," $1,144.64 ", $143.08 
ORD-00221,4/2/2022,CUST-110,Toys,6,South,Doll, $93.51 , $561.06 , $93.51 
ORD-00222,5/7/2022,CUST-186,Furniture,7,South,Chair, $258.88 ," $1,812.16 ", $258.88 
ORD-00223,3/21/2022,CUST-101,Books,2,North,Science Fiction, $91.35 , $182.70 , $91.35 
ORD-00224,8/26/2022,CUST-126,Toys,8,West,Puzzle, $85.15 , $681.20 , $85.15 
ORD-00225,1/7/2023,CUST-198,Toys,5,East,Puzzle, $41.92 , $209.60 , $41.92 
ORD-00226,5/1/2023,CUST-101,Apparel,7,North,Jacket, $207.92 ," $1,455.44 ", $207.92 
ORD-00227,11/25/2023,CUST-120,Apparel,1,South,Shoes, $131.21 , $131.21 , $131.21 
ORD-00228,1/25/2022,CUST-157,Electronics,5,West,Headphones, $427.81 ," $2,139.05 ", $427.81 
ORD-00229,6/5/2022,CUST-104,Electronics,1,South,Headphones, $897.04 , $897.04 , $897.04 
ORD-00230,6/1/2023,CUST-151,Furniture,8,West,Chair, $538.29 ," $4,306.32 ", $538.29 
ORD-00231,9/24/2023,CUST-144,Furniture,4,West,Chair, $540.78 ," $2,163.12 ", $540.78 
ORD-00232,6/14/2023,CUST-184,Furniture,4,West,Chair, $731.81 ," $2,927.24 ", $731.81 
ORD-00233,12/11/2023,CUST-192,Furniture,2,North,Chair, $92.81 , $185.62 , $92.81 
ORD-00234,2/26/2022,CUST-119,Toys,5,North,Car, $24.22 , $121.10 , $24.22 
ORD-00235,8/28/2023,CUST-160,Toys,1,North,Puzzle, $75.11 , $75.11 , $75.11 
ORD-00236,1/19/2022,CUST-137,Electronics,9,West,Phone, $397.38 ," $3,576.42 ", $397.38 
ORD-00237,1/19/2023,CUST-119,Apparel,5,West,Shirt, $115.87 , $579.35 , $115.87 
ORD-00238,7/12/2022,CUST-124,Apparel,6,South,Shirt, $43.18 , $259.08 , $43.18 
ORD-00239,8/25/2022,CUST-101,Books,2,East,Mystery, $129.56 , $259.12 , $129.56 
ORD-00240,1/22/2023,CUST-131,Toys,1,North,Puzzle, $62.54 , $62.54 , $62.54 
ORD-00241,3/2/2023,CUST-125,Furniture,4,West,Table, $146.87 , $587.48 , $146.87 
ORD-00242,10/4/2022,CUST-169,Furniture,7,South,Table, $716.35 ," $5,014.45 ", $716.35 
ORD-00243,8/15/2022,CUST-140,Books,6,South,Science Fiction, $26.78 , $160.68 , $26.78 
ORD-00244,7/6/2023,CUST-166,Apparel,1,South,Shirt, $30.70 , $30.70 , $30.70 
ORD-00245,11/19/2022,CUST-196,Furniture,1,North,Chair, $543.16 , $543.16 , $543.16 
ORD-00246,6/2/2022,CUST-100,Apparel,8,North,Shoes, $148.34 ," $1,186.72 ", $148.34 
ORD-00247,10/1/2023,CUST-150,Books,4,East,Science Fiction, $55.40 , $221.60 , $55.40 
ORD-00248,8/25/2022,CUST-104,Apparel,5,South,Shoes, $55.21 , $276.05 , $55.21 
ORD-00249,2/24/2022,CUST-112,Apparel,7,North,Shoes, $233.33 ," $1,633.31 ", $233.33 
ORD-00250,3/12/2023,CUST-118,Apparel,8,South,Shirt, $204.70 ," $1,637.60 ", $204.70 
ORD-00251,11/15/2023,CUST-111,Furniture,7,West,Sofa, $517.93 ," $3,625.51 ", $517.93 
ORD-00252,4/19/2022,CUST-147,Electronics,2,South,Headphones, $733.21 ," $1,466.42 ", $733.21 
ORD-00253,7/3/2022,CUST-124,Toys,4,East,Puzzle, $27.46 , $109.84 , $27.46 
ORD-00254,1/3/2023,CUST-156,Apparel,1,North,Shirt, $159.73 , $159.73 , $159.73 
ORD-00255,7/17/2022,CUST-134,Apparel,9,West,Shoes, $106.51 , $958.59 , $106.51 
ORD-00256,1/6/2023,CUST-175,Apparel,3,North,Jacket, $235.06 , $705.18 , $235.06 
ORD-00257,1/8/2023,CUST-193,Electronics,3,West,Headphones, $899.33 ," $2,697.99 ", $899.33 
ORD-00258,5/12/2023,CUST-104,Books,9,South,Romance, $69.94 , $629.46 , $69.94 
ORD-00259,8/22/2023,CUST-197,Furniture,3,South,Chair, $899.42 ," $2,698.26 ", $899.42 
ORD-00260,7/20/2022,CUST-121,Electronics,8,East,Phone, $902.81 ," $7,222.48 ", $902.81 
ORD-00261,5/24/2023,CUST-176,Apparel,2,East,Jacket, $109.79 , $219.58 , $109.79 
ORD-00262,11/18/2022,CUST-156,Electronics,3,West,Headphones, $719.65 ," $2,158.95 ", $719.65 
ORD-00263,10/2/2022,CUST-146,Electronics,2,East,Headphones, $954.58 ," $1,909.16 ", $954.58 
ORD-00264,7/30/2022,CUST-153,Electronics,1,East,Phone, $581.07 , $581.07 , $581.07 
ORD-00265,5/19/2023,CUST-102,Books,2,East,Science Fiction, $105.09 , $210.18 , $105.09 
ORD-00266,4/28/2022,CUST-152,Toys,8,East,Doll, $78.00 , $624.00 , $78.00 
ORD-00267,12/4/2023,CUST-183,Furniture,9,South,Sofa, $805.32 ," $7,247.88 ", $805.32 
ORD-00268,7/8/2023,CUST-130,Books,2,East,Science Fiction, $55.21 , $110.42 , $55.21 
ORD-00269,2/11/2022,CUST-168,Books,7,South,Mystery, $60.38 , $422.66 , $60.38 
ORD-00270,11/11/2022,CUST-187,Toys,5,South,Doll, $23.65 , $118.25 , $23.65 
ORD-00271,11/25/2022,CUST-132,Books,3,North,Mystery, $14.39 , $43.17 , $14.39 
ORD-00272,1/17/2022,CUST-171,Electronics,9,South,Phone, $759.79 ," $6,838.11 ", $759.79 
ORD-00273,10/10/2022,CUST-187,Electronics,6,South,Headphones, $477.46 ," $2,864.76 ", $477.46 
ORD-00274,9/15/2022,CUST-149,Apparel,1,East,Shoes, $107.72 , $107.72 , $107.72 
ORD-00275,7/29/2023,CUST-183,Books,5,South,Mystery, $126.78 , $633.90 , $126.78 
ORD-00276,7/28/2023,CUST-115,Apparel,7,West,Jacket, $140.43 , $983.01 , $140.43 
ORD-00277,9/4/2023,CUST-175,Furniture,4,East,Table, $177.91 , $711.64 , $177.91 
ORD-00278,1/19/2022,CUST-176,Electronics,8,East,Phone, $676.13 ," $5,409.04 ", $676.13 
ORD-00279,6/13/2023,CUST-138,Furniture,5,East,Chair, $672.65 ," $3,363.25 ", $672.65 
ORD-00280,2/27/2023,CUST-188,Toys,9,North,Puzzle, $61.87 , $556.83 , $61.87 
ORD-00281,4/11/2023,CUST-145,Electronics,9,East,Phone, $315.82 ," $2,842.38 ", $315.82 
ORD-00282,1/8/2023,CUST-195,Furniture,9,South,Table, $912.62 ," $8,213.58 ", $912.62 
ORD-00283,3/22/2022,CUST-187,Toys,1,West,Doll, $92.73 , $92.73 , $92.73 
ORD-00284,7/5/2023,CUST-146,Furniture,2,East,Table, $399.77 , $799.54 , $399.77 
ORD-00285,7/2/2023,CUST-143,Toys,3,East,Puzzle, $82.12 , $246.36 , $82.12 
ORD-00286,2/28/2023,CUST-108,Toys,4,West,Car, $55.28 , $221.12 , $55.28 
ORD-00287,3/5/2023,CUST-186,Electronics,9,East,Phone, $218.73 ," $1,968.57 ", $218.73 
ORD-00288,1/23/2023,CUST-149,Apparel,6,North,Jacket, $115.23 , $691.38 , $115.23 
ORD-00289,12/10/2023,CUST-176,Toys,1,South,Doll, $12.15 , $12.15 , $12.15 
ORD-00290,11/1/2023,CUST-159,Toys,9,West,Car, $61.53 , $553.77 , $61.53 
ORD-00291,7/23/2022,CUST-195,Electronics,6,West,Phone, $308.44 ," $1,850.64 ", $308.44 
ORD-00292,7/15/2022,CUST-114,Apparel,4,North,Jacket, $234.32 , $937.28 , $234.32 
ORD-00293,12/29/2023,CUST-135,Books,4,South,Mystery, $10.81 , $43.24 , $10.81 
ORD-00294,10/12/2022,CUST-162,Books,3,North,Mystery, $36.81 , $110.43 , $36.81 
ORD-00295,7/15/2022,CUST-168,Apparel,7,South,Shirt, $37.35 , $261.45 , $37.35 
ORD-00296,11/3/2022,CUST-185,Furniture,3,North,Sofa, $687.67 ," $2,063.01 ", $687.67 
ORD-00297,10/26/2023,CUST-179,Electronics,2,East,Phone, $748.08 ," $1,496.16 ", $748.08 
ORD-00298,1/14/2022,CUST-140,Apparel,8,North,Jacket, $64.45 , $515.60 , $64.45 
ORD-00299,5/26/2022,CUST-173,Books,4,West,Mystery, $143.55 , $574.20 , $143.55 
ORD-00300,2/26/2022,CUST-123,Toys,8,West,Car, $83.19 , $665.52 , $83.19 
ORD-00301,12/24/2023,CUST-181,Books,1,West,Science Fiction, $140.74 , $140.74 , $140.74 
ORD-00302,7/29/2022,CUST-148,Toys,5,North,Car, $83.70 , $418.50 , $83.70 
ORD-00303,6/13/2023,CUST-117,Electronics,9,West,Headphones, $844.77 ," $7,602.93 ", $844.77 
ORD-00304,12/10/2022,CUST-106,Toys,1,West,Doll, $95.23 , $95.23 , $95.23 
ORD-00305,12/16/2023,CUST-103,Apparel,4,East,Jacket, $131.34 , $525.36 , $131.34 
ORD-00306,9/3/2023,CUST-189,Toys,6,East,Doll, $93.89 , $563.34 , $93.89 
ORD-00307,10/6/2022,CUST-168,Furniture,8,South,Chair, $169.63 ," $1,357.04 ", $169.63 
ORD-00308,7/28/2022,CUST-159,Apparel,3,South,Shoes, $233.88 , $701.64 , $233.88 
ORD-00309,10/3/2023,CUST-154,Electronics,5,South,Phone, $245.61 ," $1,228.05 ", $245.61 
ORD-00310,12/1/2022,CUST-115,Apparel,7,North,Jacket, $174.87 ," $1,224.09 ", $174.87 
ORD-00311,10/15/2022,CUST-198,Furniture,1,South,Chair, $406.23 , $406.23 , $406.23 
ORD-00312,9/9/2022,CUST-189,Electronics,7,North,Laptop, $917.12 ," $6,419.84 ", $917.12 
ORD-00313,9/22/2022,CUST-181,Books,8,North,Mystery, $121.47 , $971.76 , $121.47 
ORD-00314,9/28/2022,CUST-128,Furniture,8,South,Chair, $649.18 ," $5,193.44 ", $649.18 
ORD-00315,12/1/2023,CUST-122,Electronics,9,South,Headphones, $396.15 ," $3,565.35 ", $396.15 
ORD-00316,2/23/2023,CUST-113,Toys,6,North,Puzzle, $90.61 , $543.66 , $90.61 
ORD-00317,12/27/2023,CUST-178,Apparel,6,East,Shoes, $40.60 , $243.60 , $40.60 
ORD-00318,7/30/2022,CUST-148,Electronics,2,West,Laptop, $578.91 ," $1,157.82 ", $578.91 
ORD-00319,12/31/2022,CUST-132,Apparel,3,West,Shirt, $79.93 , $239.79 , $79.93 
ORD-00320,3/17/2022,CUST-124,Toys,4,West,Doll, $47.43 , $189.72 , $47.43 
ORD-00321,10/22/2023,CUST-120,Electronics,4,East,Headphones, $461.95 ," $1,847.80 ", $461.95 
ORD-00322,11/17/2022,CUST-116,Books,8,North,Romance, $72.77 , $582.16 , $72.77 
ORD-00323,12/26/2023,CUST-122,Furniture,1,South,Chair, $749.24 , $749.24 , $749.24 
ORD-00324,3/9/2023,CUST-156,Electronics,4,North,Laptop, $188.59 , $754.36 , $188.59 
ORD-00325,4/19/2022,CUST-180,Toys,4,North,Puzzle, $47.69 , $190.76 , $47.69 
ORD-00326,10/3/2023,CUST-157,Electronics,1,South,Laptop, $816.97 , $816.97 , $816.97 
ORD-00327,6/6/2023,CUST-113,Apparel,3,East,Shoes, $160.04 , $480.12 , $160.04 
ORD-00328,2/16/2022,CUST-192,Electronics,5,West,Headphones, $720.28 ," $3,601.40 ", $720.28 
ORD-00329,1/14/2023,CUST-119,Books,6,West,Romance, $107.37 , $644.22 , $107.37 
ORD-00330,4/6/2022,CUST-129,Electronics,9,North,Headphones, $561.63 ," $5,054.67 ", $561.63 
ORD-00331,4/13/2022,CUST-118,Furniture,9,East,Sofa, $274.89 ," $2,474.01 ", $274.89 
ORD-00332,5/26/2022,CUST-152,Electronics,9,West,Headphones, $539.79 ," $4,858.11 ", $539.79 
ORD-00333,1/27/2022,CUST-155,Apparel,1,East,Shoes, $74.46 , $74.46 , $74.46 
ORD-00334,6/14/2023,CUST-176,Electronics,9,South,Laptop, $376.58 ," $3,389.22 ", $376.58 
ORD-00335,11/10/2023,CUST-181,Books,8,North,Science Fiction, $44.80 , $358.40 , $44.80 
ORD-00336,3/23/2022,CUST-122,Toys,2,North,Car, $77.46 , $154.92 , $77.46 
ORD-00337,3/4/2023,CUST-161,Electronics,1,East,Headphones, $780.90 , $780.90 , $780.90 
ORD-00338,8/7/2023,CUST-132,Electronics,1,West,Laptop, $251.98 , $251.98 , $251.98 
ORD-00339,4/24/2023,CUST-117,Furniture,6,East,Sofa, $299.18 ," $1,795.08 ", $299.18 
ORD-00340,6/11/2022,CUST-172,Books,9,South,Science Fiction, $118.12 ," $1,063.08 ", $118.12 
ORD-00341,2/6/2023,CUST-132,Toys,7,West,Puzzle, $69.61 , $487.27 , $69.61 
ORD-00342,5/23/2023,CUST-131,Apparel,5,West,Jacket, $52.88 , $264.40 , $52.88 
ORD-00343,2/7/2022,CUST-160,Electronics,2,East,Phone, $140.23 , $280.46 , $140.23 
ORD-00344,5/26/2023,CUST-153,Toys,1,South,Puzzle, $58.26 , $58.26 , $58.26 
ORD-00345,1/28/2023,CUST-116,Apparel,2,West,Shirt, $45.04 , $90.08 , $45.04 
ORD-00346,12/14/2023,CUST-118,Books,1,North,Romance, $40.75 , $40.75 , $40.75 
ORD-00347,5/9/2023,CUST-190,Books,3,South,Mystery, $116.18 , $348.54 , $116.18 
ORD-00348,7/19/2022,CUST-169,Toys,6,West,Puzzle, $12.20 , $73.20 , $12.20 
ORD-00349,9/12/2022,CUST-198,Apparel,8,East,Shirt, $244.36 ," $1,954.88 ", $244.36 
ORD-00350,6/28/2022,CUST-133,Books,3,West,Mystery, $13.32 , $39.96 , $13.32 
ORD-00351,7/1/2023,CUST-183,Toys,9,North,Doll, $88.97 , $800.73 , $88.97 
ORD-00352,8/17/2023,CUST-124,Books,5,South,Romance, $125.54 , $627.70 , $125.54 
ORD-00353,1/24/2023,CUST-167,Books,7,West,Romance, $22.34 , $156.38 , $22.34 
ORD-00354,2/2/2023,CUST-173,Books,8,North,Romance, $127.73 ," $1,021.84 ", $127.73 
ORD-00355,6/7/2022,CUST-173,Furniture,3,West,Sofa, $629.79 ," $1,889.37 ", $629.79 
ORD-00356,1/4/2022,CUST-187,Apparel,2,West,Shoes, $160.36 , $320.72 , $160.36 
ORD-00357,6/16/2022,CUST-184,Toys,2,South,Doll, $53.13 , $106.26 , $53.13 
ORD-00358,4/13/2023,CUST-110,Toys,5,East,Doll, $48.93 , $244.65 , $48.93 
ORD-00359,2/13/2023,CUST-190,Apparel,1,East,Shirt, $145.62 , $145.62 , $145.62 
ORD-00360,2/16/2023,CUST-115,Apparel,2,North,Jacket, $170.44 , $340.88 , $170.44 
ORD-00361,7/23/2022,CUST-189,Apparel,9,North,Shirt, $220.17 ," $1,981.53 ", $220.17 
ORD-00362,7/13/2022,CUST-160,Apparel,7,North,Shoes, $139.88 , $979.16 , $139.88 
ORD-00363,8/23/2022,CUST-193,Electronics,6,South,Phone, $338.35 ," $2,030.10 ", $338.35 
ORD-00364,12/19/2023,CUST-179,Toys,9,East,Puzzle, $29.31 , $263.79 , $29.31 
ORD-00365,5/30/2022,CUST-106,Electronics,7,North,Headphones, $554.14 ," $3,878.98 ", $554.14 
ORD-00366,6/8/2022,CUST-115,Books,5,North,Mystery, $35.13 , $175.65 , $35.13 
ORD-00367,10/6/2022,CUST-198,Books,9,West,Romance, $79.09 , $711.81 , $79.09 
ORD-00368,2/8/2023,CUST-115,Toys,6,West,Doll, $20.48 , $122.88 , $20.48 
ORD-00369,11/9/2023,CUST-139,Books,6,North,Science Fiction, $47.62 , $285.72 , $47.62 
ORD-00370,11/7/2022,CUST-111,Apparel,4,West,Shirt, $93.97 , $375.88 , $93.97 
ORD-00371,3/9/2022,CUST-134,Electronics,1,West,Headphones, $598.95 , $598.95 , $598.95 
ORD-00372,4/8/2023,CUST-120,Apparel,5,West,Shoes, $143.26 , $716.30 , $143.26 
ORD-00373,3/29/2022,CUST-149,Books,9,South,Mystery, $79.02 , $711.18 , $79.02 
ORD-00374,8/5/2022,CUST-142,Electronics,8,North,Headphones, $432.53 ," $3,460.24 ", $432.53 
ORD-00375,1/1/2022,CUST-199,Apparel,8,North,Jacket, $95.40 , $763.20 , $95.40 
ORD-00376,5/15/2022,CUST-116,Toys,5,West,Doll, $62.92 , $314.60 , $62.92 
ORD-00377,11/28/2023,CUST-131,Apparel,9,South,Shoes, $247.40 ," $2,226.60 ", $247.40 
ORD-00378,12/17/2022,CUST-140,Books,3,West,Science Fiction, $35.53 , $106.59 , $35.53 
ORD-00379,5/20/2022,CUST-105,Electronics,3,South,Phone, $978.65 ," $2,935.95 ", $978.65 
ORD-00380,9/10/2023,CUST-187,Toys,1,North,Puzzle, $24.55 , $24.55 , $24.55 
ORD-00381,5/13/2022,CUST-126,Electronics,9,West,Laptop, $913.24 ," $8,219.16 ", $913.24 
ORD-00382,9/12/2023,CUST-119,Toys,6,North,Puzzle, $70.39 , $422.34 , $70.39 
ORD-00383,6/27/2022,CUST-124,Electronics,2,South,Phone, $496.64 , $993.28 , $496.64 
ORD-00384,12/24/2022,CUST-165,Books,8,East,Mystery, $29.29 , $234.32 , $29.29 
ORD-00385,1/15/2023,CUST-108,Toys,9,South,Car, $24.86 , $223.74 , $24.86 
ORD-00386,10/20/2023,CUST-191,Furniture,9,East,Sofa, $610.13 ," $5,491.17 ", $610.13 
ORD-00387,3/26/2023,CUST-152,Electronics,2,North,Laptop, $514.41 ," $1,028.82 ", $514.41 
ORD-00388,8/9/2023,CUST-160,Electronics,2,North,Phone, $894.90 ," $1,789.80 ", $894.90 
ORD-00389,4/8/2023,CUST-137,Apparel,7,West,Shirt, $192.82 ," $1,349.74 ", $192.82 
ORD-00390,4/18/2022,CUST-102,Toys,4,East,Doll, $28.61 , $114.44 , $28.61 
ORD-00391,5/2/2022,CUST-183,Furniture,1,South,Chair, $764.03 , $764.03 , $764.03 
ORD-00392,1/17/2022,CUST-169,Books,8,North,Mystery, $55.45 , $443.60 , $55.45 
ORD-00393,7/15/2022,CUST-196,Apparel,2,East,Shoes, $215.51 , $431.02 , $215.51 
ORD-00394,11/23/2022,CUST-154,Furniture,3,South,Chair, $380.00 ," $1,140.00 ", $380.00 
ORD-00395,11/14/2022,CUST-100,Toys,5,East,Puzzle, $82.29 , $411.45 , $82.29 
ORD-00396,4/24/2023,CUST-169,Furniture,3,South,Table, $124.25 , $372.75 , $124.25 
ORD-00397,9/9/2022,CUST-144,Electronics,7,South,Laptop, $561.38 ," $3,929.66 ", $561.38 
ORD-00398,5/18/2023,CUST-197,Electronics,7,South,Headphones, $246.22 ," $1,723.54 ", $246.22 
ORD-00399,4/29/2022,CUST-146,Apparel,2,South,Shoes, $174.82 , $349.64 , $174.82 
ORD-00400,11/5/2023,CUST-178,Toys,7,East,Puzzle, $15.67 , $109.69 , $15.67 
ORD-00401,12/11/2023,CUST-125,Toys,6,East,Car, $44.41 , $266.46 , $44.41 
ORD-00402,5/13/2023,CUST-113,Furniture,9,West,Chair, $811.74 ," $7,305.66 ", $811.74 
ORD-00403,5/1/2023,CUST-153,Apparel,9,East,Shoes, $203.34 ," $1,830.06 ", $203.34 
ORD-00404,2/14/2022,CUST-170,Toys,2,East,Doll, $59.65 , $119.30 , $59.65 
ORD-00405,11/10/2022,CUST-145,Electronics,7,West,Headphones, $272.40 ," $1,906.80 ", $272.40 
ORD-00406,6/28/2022,CUST-130,Furniture,5,East,Chair, $125.78 , $628.90 , $125.78 
ORD-00407,2/22/2023,CUST-187,Books,6,South,Science Fiction, $44.54 , $267.24 , $44.54 
ORD-00408,7/10/2023,CUST-158,Electronics,1,North,Headphones, $687.88 , $687.88 , $687.88 
ORD-00409,3/19/2022,CUST-194,Apparel,7,North,Jacket, $220.32 ," $1,542.24 ", $220.32 
ORD-00410,11/22/2022,CUST-128,Toys,6,West,Puzzle, $6.12 , $36.72 , $6.12 
ORD-00411,11/21/2023,CUST-195,Electronics,4,East,Headphones, $986.82 ," $3,947.28 ", $986.82 
ORD-00412,12/23/2022,CUST-116,Books,1,East,Science Fiction, $62.63 , $62.63 , $62.63 
ORD-00413,2/20/2023,CUST-113,Books,9,West,Romance, $16.59 , $149.31 , $16.59 
ORD-00414,5/30/2023,CUST-135,Apparel,4,North,Jacket, $229.00 , $916.00 , $229.00 
ORD-00415,8/2/2022,CUST-157,Electronics,2,South,Headphones, $697.66 ," $1,395.32 ", $697.66 
ORD-00416,3/15/2022,CUST-123,Furniture,8,East,Table, $571.14 ," $4,569.12 ", $571.14 
ORD-00417,7/17/2023,CUST-162,Electronics,2,West,Phone, $621.45 ," $1,242.90 ", $621.45 
ORD-00418,8/2/2023,CUST-190,Books,5,South,Science Fiction, $42.96 , $214.80 , $42.96 
ORD-00419,5/24/2023,CUST-124,Apparel,6,West,Jacket, $162.10 , $972.60 , $162.10 
ORD-00420,11/28/2022,CUST-158,Apparel,8,West,Jacket, $11.95 , $95.60 , $11.95 
ORD-00421,4/3/2022,CUST-131,Furniture,1,West,Chair, $562.10 , $562.10 , $562.10 
ORD-00422,11/19/2023,CUST-181,Apparel,1,North,Jacket, $15.42 , $15.42 , $15.42 
ORD-00423,10/19/2023,CUST-117,Apparel,4,North,Shoes, $53.29 , $213.16 , $53.29 
ORD-00424,6/3/2023,CUST-136,Apparel,5,West,Jacket, $144.37 , $721.85 , $144.37 
ORD-00425,9/26/2022,CUST-125,Apparel,9,East,Shirt, $84.91 , $764.19 , $84.91 
ORD-00426,1/11/2023,CUST-108,Apparel,7,South,Shirt, $107.72 , $754.04 , $107.72 
ORD-00427,1/4/2022,CUST-198,Books,7,East,Romance, $51.59 , $361.13 , $51.59 
ORD-00428,5/18/2022,CUST-163,Electronics,8,North,Phone, $636.37 ," $5,090.96 ", $636.37 
ORD-00429,8/19/2022,CUST-171,Toys,5,South,Car, $70.96 , $354.80 , $70.96 
ORD-00430,8/23/2023,CUST-119,Apparel,5,West,Shirt, $24.23 , $121.15 , $24.23 
ORD-00431,6/13/2023,CUST-153,Toys,1,East,Puzzle, $48.97 , $48.97 , $48.97 
ORD-00432,2/21/2022,CUST-185,Toys,9,East,Car, $65.29 , $587.61 , $65.29 
ORD-00433,10/8/2023,CUST-182,Books,6,West,Romance, $47.02 , $282.12 , $47.02 
ORD-00434,12/24/2023,CUST-129,Apparel,9,East,Shoes, $210.19 ," $1,891.71 ", $210.19 
ORD-00435,11/21/2022,CUST-152,Toys,3,North,Puzzle, $91.89 , $275.67 , $91.89 
ORD-00436,12/18/2023,CUST-191,Apparel,5,West,Jacket, $157.86 , $789.30 , $157.86 
ORD-00437,12/24/2023,CUST-198,Furniture,2,East,Sofa, $984.00 ," $1,968.00 ", $984.00 
ORD-00438,10/4/2022,CUST-162,Furniture,5,West,Sofa, $787.55 ," $3,937.75 ", $787.55 
ORD-00439,6/20/2023,CUST-110,Furniture,8,South,Chair, $641.82 ," $5,134.56 ", $641.82 
ORD-00440,5/1/2023,CUST-130,Toys,2,West,Doll, $10.59 , $21.18 , $10.59 
ORD-00441,5/31/2023,CUST-148,Furniture,8,East,Sofa, $830.92 ," $6,647.36 ", $830.92 
ORD-00442,6/1/2022,CUST-199,Books,4,North,Science Fiction, $59.59 , $238.36 , $59.59 
ORD-00443,4/28/2023,CUST-193,Books,1,West,Mystery, $50.69 , $50.69 , $50.69 
ORD-00444,9/16/2022,CUST-186,Toys,5,West,Car, $29.73 , $148.65 , $29.73 
ORD-00445,11/20/2022,CUST-118,Apparel,1,East,Shoes, $184.14 , $184.14 , $184.14 
ORD-00446,6/17/2022,CUST-111,Electronics,7,North,Laptop, $233.66 ," $1,635.62 ", $233.66 
ORD-00447,11/19/2023,CUST-114,Apparel,8,North,Shoes, $102.60 , $820.80 , $102.60 
ORD-00448,11/6/2022,CUST-130,Apparel,3,South,Jacket, $67.00 , $201.00 , $67.00 
ORD-00449,4/24/2023,CUST-142,Apparel,3,South,Jacket, $243.32 , $729.96 , $243.32 
ORD-00450,2/25/2022,CUST-136,Apparel,7,East,Shirt, $20.70 , $144.90 , $20.70 
ORD-00451,9/12/2023,CUST-178,Electronics,4,North,Phone, $605.81 ," $2,423.24 ", $605.81 
ORD-00452,4/18/2023,CUST-128,Furniture,3,North,Table, $356.71 ," $1,070.13 ", $356.71 
ORD-00453,10/23/2022,CUST-125,Apparel,8,South,Shirt, $117.65 , $941.20 , $117.65 
ORD-00454,4/6/2023,CUST-101,Books,3,South,Romance, $30.49 , $91.47 , $30.49 
ORD-00455,11/20/2022,CUST-183,Toys,7,East,Puzzle, $38.37 , $268.59 , $38.37 
ORD-00456,5/21/2022,CUST-114,Toys,2,North,Car, $29.09 , $58.18 , $29.09 
ORD-00457,10/29/2023,CUST-103,Books,1,West,Mystery, $125.53 , $125.53 , $125.53 
ORD-00458,9/19/2022,CUST-185,Apparel,6,South,Jacket, $169.16 ," $1,014.96 ", $169.16 
ORD-00459,2/24/2023,CUST-149,Electronics,8,East,Headphones, $168.19 ," $1,345.52 ", $168.19 
ORD-00460,8/29/2022,CUST-137,Furniture,1,North,Table, $68.68 , $68.68 , $68.68 
ORD-00461,12/21/2022,CUST-122,Toys,9,North,Car, $46.98 , $422.82 , $46.98 
ORD-00462,8/12/2023,CUST-158,Furniture,3,South,Table, $821.71 ," $2,465.13 ", $821.71 
ORD-00463,6/29/2022,CUST-189,Electronics,3,East,Phone, $743.29 ," $2,229.87 ", $743.29 
ORD-00464,3/7/2022,CUST-174,Toys,4,West,Car, $90.47 , $361.88 , $90.47 
ORD-00465,12/14/2022,CUST-127,Furniture,1,South,Sofa, $842.71 , $842.71 , $842.71 
ORD-00466,6/20/2022,CUST-165,Electronics,9,East,Laptop, $751.86 ," $6,766.74 ", $751.86 
ORD-00467,4/19/2023,CUST-107,Furniture,3,North,Table, $210.10 , $630.30 , $210.10 
ORD-00468,6/18/2023,CUST-128,Apparel,4,West,Shoes, $152.53 , $610.12 , $152.53 
ORD-00469,1/2/2023,CUST-110,Electronics,1,East,Phone, $979.99 , $979.99 , $979.99 
ORD-00470,4/17/2022,CUST-117,Furniture,4,West,Chair, $123.87 , $495.48 , $123.87 
ORD-00471,3/15/2023,CUST-154,Apparel,1,East,Shoes, $35.43 , $35.43 , $35.43 
ORD-00472,8/15/2022,CUST-149,Apparel,5,East,Jacket, $171.04 , $855.20 , $171.04 
ORD-00473,3/20/2023,CUST-113,Electronics,5,East,Laptop, $107.00 , $535.00 , $107.00 
ORD-00474,3/18/2023,CUST-173,Books,7,East,Science Fiction, $24.89 , $174.23 , $24.89 
ORD-00475,1/31/2023,CUST-198,Toys,8,West,Puzzle, $5.53 , $44.24 , $5.53 
ORD-00476,12/29/2023,CUST-108,Electronics,4,South,Headphones, $488.91 ," $1,955.64 ", $488.91 
ORD-00477,8/4/2023,CUST-198,Apparel,7,West,Shirt, $97.20 , $680.40 , $97.20 
ORD-00478,3/25/2022,CUST-110,Apparel,4,East,Jacket, $81.06 , $324.24 , $81.06 
ORD-00479,9/7/2023,CUST-162,Electronics,3,West,Headphones, $413.28 ," $1,239.84 ", $413.28 
ORD-00480,7/5/2023,CUST-175,Books,6,West,Romance, $126.48 , $758.88 , $126.48 
ORD-00481,1/13/2022,CUST-166,Toys,4,West,Doll, $48.64 , $194.56 , $48.64 
ORD-00482,11/24/2023,CUST-152,Furniture,3,East,Chair, $249.08 , $747.24 , $249.08 
ORD-00483,5/8/2023,CUST-138,Electronics,9,West,Headphones, $959.46 ," $8,635.14 ", $959.46 
ORD-00484,9/25/2022,CUST-177,Toys,5,North,Car, $62.87 , $314.35 , $62.87 
ORD-00485,6/9/2023,CUST-155,Toys,7,East,Puzzle, $74.19 , $519.33 , $74.19 
ORD-00486,4/30/2022,CUST-127,Apparel,6,West,Shoes, $232.97 ," $1,397.82 ", $232.97 
ORD-00487,12/19/2022,CUST-174,Furniture,5,North,Sofa, $951.62 ," $4,758.10 ", $951.62 
ORD-00488,2/26/2022,CUST-138,Electronics,7,West,Headphones, $179.58 ," $1,257.06 ", $179.58 
ORD-00489,2/9/2022,CUST-124,Apparel,6,South,Shoes, $19.46 , $116.76 , $19.46 
ORD-00490,12/2/2022,CUST-120,Apparel,2,West,Jacket, $48.47 , $96.94 , $48.47 
ORD-00491,10/2/2023,CUST-109,Books,3,West,Science Fiction, $144.20 , $432.60 , $144.20 
ORD-00492,6/22/2022,CUST-142,Toys,2,South,Puzzle, $33.64 , $67.28 , $33.64 
ORD-00493,7/1/2023,CUST-114,Electronics,3,East,Phone, $660.77 ," $1,982.31 ", $660.77 
ORD-00494,9/16/2022,CUST-182,Electronics,1,South,Headphones, $318.43 , $318.43 , $318.43 
ORD-00495,6/1/2023,CUST-147,Electronics,8,East,Phone, $747.57 ," $5,980.56 ", $747.57 
ORD-00496,6/7/2023,CUST-185,Apparel,6,South,Shirt, $62.19 , $373.14 , $62.19 
ORD-00497,4/27/2022,CUST-120,Books,2,West,Romance, $78.69 , $157.38 , $78.69 
ORD-00498,7/3/2022,CUST-159,Furniture,8,West,Chair, $941.21 ," $7,529.68 ", $941.21 
ORD-00499,4/26/2022,CUST-195,Apparel,6,East,Jacket, $78.31 , $469.86 , $78.31 
ORD-00500,6/11/2022,CUST-149,Furniture,7,East,Table, $487.19 ," $3,410.33 ", $487.19 
ORD-00501,8/2/2023,CUST-122,Books,1,North,Romance, $148.44 , $148.44 , $148.44 
ORD-00502,12/13/2023,CUST-112,Toys,7,North,Car, $73.57 , $514.99 , $73.57 
ORD-00503,6/27/2023,CUST-168,Electronics,3,West,Laptop, $939.14 ," $2,817.42 ", $939.14 
ORD-00504,8/10/2023,CUST-103,Furniture,8,West,Sofa, $265.78 ," $2,126.24 ", $265.78 
ORD-00505,8/25/2022,CUST-191,Apparel,6,North,Jacket, $110.41 , $662.46 , $110.41 
ORD-00506,3/7/2022,CUST-177,Furniture,4,North,Chair, $623.31 ," $2,493.24 ", $623.31 
ORD-00507,3/11/2022,CUST-171,Toys,8,East,Doll, $77.80 , $622.40 , $77.80 
ORD-00508,3/23/2023,CUST-108,Electronics,9,South,Headphones, $164.12 ," $1,477.08 ", $164.12 
ORD-00509,2/20/2023,CUST-134,Furniture,2,East,Sofa, $227.21 , $454.42 , $227.21 
ORD-00510,6/16/2023,CUST-120,Toys,6,North,Puzzle, $37.71 , $226.26 , $37.71 
ORD-00511,3/17/2023,CUST-157,Apparel,5,West,Shoes, $90.19 , $450.95 , $90.19 
ORD-00512,4/9/2023,CUST-117,Books,5,North,Science Fiction, $65.16 , $325.80 , $65.16 
ORD-00513,1/31/2023,CUST-196,Apparel,3,West,Jacket, $18.03 , $54.09 , $18.03 
ORD-00514,12/12/2023,CUST-171,Electronics,8,West,Laptop, $843.39 ," $6,747.12 ", $843.39 
ORD-00515,7/5/2023,CUST-180,Apparel,8,West,Jacket, $37.76 , $302.08 , $37.76 
ORD-00516,10/19/2023,CUST-142,Apparel,5,West,Jacket, $91.11 , $455.55 , $91.11 
ORD-00517,7/11/2023,CUST-194,Apparel,8,South,Shoes, $163.00 ," $1,304.00 ", $163.00 
ORD-00518,1/30/2023,CUST-197,Apparel,8,North,Shoes, $69.63 , $557.04 , $69.63 
ORD-00519,11/22/2022,CUST-105,Electronics,3,East,Phone, $196.12 , $588.36 , $196.12 
ORD-00520,4/1/2022,CUST-185,Toys,2,West,Doll, $52.67 , $105.34 , $52.67 
ORD-00521,3/11/2022,CUST-177,Furniture,9,West,Table, $606.89 ," $5,462.01 ", $606.89 
ORD-00522,6/15/2022,CUST-166,Books,2,East,Science Fiction, $127.42 , $254.84 , $127.42 
ORD-00523,10/4/2023,CUST-111,Furniture,9,East,Sofa, $705.48 ," $6,349.32 ", $705.48 
ORD-00524,8/2/2022,CUST-199,Furniture,4,West,Sofa, $677.51 ," $2,710.04 ", $677.51 
ORD-00525,8/24/2023,CUST-111,Books,2,East,Science Fiction, $57.64 , $115.28 , $57.64 
ORD-00526,12/1/2022,CUST-165,Electronics,1,East,Phone, $494.85 , $494.85 , $494.85 
ORD-00527,1/4/2023,CUST-101,Books,4,South,Mystery, $125.46 , $501.84 , $125.46 
ORD-00528,8/7/2023,CUST-114,Electronics,9,East,Laptop, $883.75 ," $7,953.75 ", $883.75 
ORD-00529,11/8/2023,CUST-122,Furniture,9,North,Chair, $108.37 , $975.33 , $108.37 
ORD-00530,2/18/2022,CUST-128,Electronics,4,North,Headphones, $717.95 ," $2,871.80 ", $717.95 
ORD-00531,2/21/2022,CUST-180,Toys,9,North,Doll, $36.70 , $330.30 , $36.70 
ORD-00532,10/16/2022,CUST-195,Books,6,West,Romance, $32.08 , $192.48 , $32.08 
ORD-00533,9/18/2023,CUST-106,Toys,1,North,Doll, $9.78 , $9.78 , $9.78 
ORD-00534,8/27/2022,CUST-193,Furniture,6,South,Table, $954.31 ," $5,725.86 ", $954.31 
ORD-00535,5/13/2022,CUST-127,Books,9,North,Romance, $57.21 , $514.89 , $57.21 
ORD-00536,6/15/2022,CUST-113,Furniture,2,West,Chair, $177.11 , $354.22 , $177.11 
ORD-00537,1/9/2023,CUST-143,Toys,6,South,Doll, $44.59 , $267.54 , $44.59 
ORD-00538,1/8/2023,CUST-129,Furniture,2,North,Chair, $435.83 , $871.66 , $435.83 
ORD-00539,4/23/2023,CUST-180,Books,4,South,Romance, $117.40 , $469.60 , $117.40 
ORD-00540,4/24/2023,CUST-131,Books,8,South,Mystery, $81.43 , $651.44 , $81.43 
ORD-00541,10/12/2023,CUST-169,Furniture,7,West,Table, $751.30 ," $5,259.10 ", $751.30 
ORD-00542,8/14/2023,CUST-187,Books,9,West,Mystery, $109.10 , $981.90 , $109.10 
ORD-00543,11/13/2023,CUST-105,Books,7,South,Science Fiction, $62.57 , $437.99 , $62.57 
ORD-00544,9/27/2023,CUST-126,Furniture,1,North,Table, $111.12 , $111.12 , $111.12 
ORD-00545,11/19/2023,CUST-181,Toys,2,West,Doll, $27.74 , $55.48 , $27.74 
ORD-00546,10/27/2022,CUST-187,Books,6,South,Mystery, $137.32 , $823.92 , $137.32 
ORD-00547,3/23/2022,CUST-123,Books,7,East,Science Fiction, $120.31 , $842.17 , $120.31 
ORD-00548,3/28/2022,CUST-133,Books,3,East,Romance, $16.15 , $48.45 , $16.15 
ORD-00549,8/13/2022,CUST-139,Books,9,West,Mystery, $60.16 , $541.44 , $60.16 
ORD-00550,1/16/2022,CUST-146,Furniture,7,North,Chair, $822.32 ," $5,756.24 ", $822.32 
ORD-00551,12/24/2022,CUST-178,Toys,6,East,Puzzle, $27.92 , $167.52 , $27.92 
ORD-00552,6/12/2022,CUST-174,Toys,6,East,Puzzle, $74.30 , $445.80 , $74.30 
ORD-00553,9/2/2023,CUST-185,Electronics,1,East,Phone, $520.32 , $520.32 , $520.32 
ORD-00554,10/30/2023,CUST-123,Books,5,North,Mystery, $136.48 , $682.40 , $136.48 
ORD-00555,5/29/2023,CUST-164,Books,3,North,Science Fiction, $146.07 , $438.21 , $146.07 
ORD-00556,12/16/2022,CUST-117,Electronics,7,West,Laptop, $873.36 ," $6,113.52 ", $873.36 
ORD-00557,11/12/2023,CUST-143,Toys,3,West,Doll, $32.31 , $96.93 , $32.31 
ORD-00558,4/9/2023,CUST-175,Apparel,5,East,Shoes, $183.35 , $916.75 , $183.35 
ORD-00559,1/10/2023,CUST-156,Apparel,7,North,Jacket, $111.54 , $780.78 , $111.54 
ORD-00560,4/2/2022,CUST-127,Toys,3,South,Doll, $11.72 , $35.16 , $11.72 
ORD-00561,6/30/2022,CUST-170,Books,2,East,Mystery, $113.82 , $227.64 , $113.82 
ORD-00562,10/28/2022,CUST-122,Apparel,6,West,Jacket, $145.03 , $870.18 , $145.03 
ORD-00563,10/22/2023,CUST-184,Furniture,8,North,Chair, $614.99 ," $4,919.92 ", $614.99 
ORD-00564,7/8/2022,CUST-133,Furniture,4,West,Table, $271.63 ," $1,086.52 ", $271.63 
ORD-00565,11/10/2022,CUST-110,Electronics,9,West,Phone, $959.96 ," $8,639.64 ", $959.96 
ORD-00566,5/8/2023,CUST-185,Toys,8,North,Car, $69.71 , $557.68 , $69.71 
ORD-00567,5/8/2022,CUST-134,Toys,7,East,Doll, $67.49 , $472.43 , $67.49 
ORD-00568,6/3/2023,CUST-192,Apparel,7,North,Jacket, $76.13 , $532.91 , $76.13 
ORD-00569,3/2/2023,CUST-141,Books,3,East,Mystery, $141.09 , $423.27 , $141.09 
ORD-00570,7/13/2023,CUST-127,Toys,6,West,Car, $61.68 , $370.08 , $61.68 
ORD-00571,7/19/2023,CUST-181,Apparel,5,North,Shoes, $200.01 ," $1,000.05 ", $200.01 
ORD-00572,7/6/2022,CUST-177,Apparel,1,South,Shirt, $170.30 , $170.30 , $170.30 
ORD-00573,7/4/2023,CUST-181,Toys,3,East,Doll, $17.42 , $52.26 , $17.42 
ORD-00574,3/29/2023,CUST-191,Apparel,1,South,Shoes, $48.94 , $48.94 , $48.94 
ORD-00575,4/16/2023,CUST-123,Electronics,4,East,Headphones, $803.37 ," $3,213.48 ", $803.37 
ORD-00576,7/19/2023,CUST-107,Electronics,3,North,Phone, $987.46 ," $2,962.38 ", $987.46 
ORD-00577,8/12/2022,CUST-152,Toys,4,South,Car, $23.86 , $95.44 , $23.86 
ORD-00578,6/3/2022,CUST-171,Books,9,North,Science Fiction, $81.58 , $734.22 , $81.58 
ORD-00579,7/14/2023,CUST-103,Electronics,3,East,Laptop, $530.25 ," $1,590.75 ", $530.25 
ORD-00580,12/17/2022,CUST-190,Electronics,6,East,Headphones, $566.98 ," $3,401.88 ", $566.98 
ORD-00581,5/27/2022,CUST-199,Toys,6,East,Doll, $40.10 , $240.60 , $40.10 
ORD-00582,7/30/2023,CUST-104,Furniture,7,East,Sofa, $235.60 ," $1,649.20 ", $235.60 
ORD-00583,12/15/2022,CUST-196,Apparel,9,West,Shoes, $233.36 ," $2,100.24 ", $233.36 
ORD-00584,7/1/2022,CUST-148,Electronics,7,East,Laptop, $603.66 ," $4,225.62 ", $603.66 
ORD-00585,9/29/2023,CUST-197,Furniture,1,South,Table, $876.01 , $876.01 , $876.01 
ORD-00586,6/28/2022,CUST-129,Books,8,East,Science Fiction, $15.50 , $124.00 , $15.50 
ORD-00587,2/8/2022,CUST-171,Furniture,5,North,Table, $162.03 , $810.15 , $162.03 
ORD-00588,1/3/2022,CUST-162,Toys,9,West,Doll, $9.47 , $85.23 , $9.47 
ORD-00589,3/5/2022,CUST-146,Books,5,South,Science Fiction, $91.05 , $455.25 , $91.05 
ORD-00590,1/29/2022,CUST-125,Books,5,West,Romance, $119.57 , $597.85 , $119.57 
ORD-00591,1/7/2023,CUST-156,Furniture,2,West,Chair, $538.82 ," $1,077.64 ", $538.82 
ORD-00592,6/7/2023,CUST-136,Toys,3,West,Puzzle, $41.47 , $124.41 , $41.47 
ORD-00593,4/7/2022,CUST-197,Electronics,9,North,Laptop, $481.40 ," $4,332.60 ", $481.40 
ORD-00594,3/18/2023,CUST-106,Furniture,7,West,Table, $949.70 ," $6,647.90 ", $949.70 
ORD-00595,7/22/2022,CUST-139,Electronics,1,West,Laptop, $627.87 , $627.87 , $627.87 
ORD-00596,2/15/2023,CUST-191,Furniture,3,East,Table, $359.10 ," $1,077.30 ", $359.10 
ORD-00597,1/21/2022,CUST-138,Electronics,2,North,Phone, $121.55 , $243.10 , $121.55 
ORD-00598,7/5/2023,CUST-161,Furniture,1,South,Sofa, $917.80 , $917.80 , $917.80 
ORD-00599,4/12/2022,CUST-191,Books,9,South,Mystery, $144.73 ," $1,302.57 ", $144.73 
ORD-00600,2/15/2022,CUST-177,Apparel,8,South,Shoes, $78.53 , $628.24 , $78.53 
ORD-00601,3/7/2022,CUST-152,Books,5,North,Romance, $45.90 , $229.50 , $45.90 
ORD-00602,8/26/2023,CUST-103,Electronics,2,South,Phone, $851.18 ," $1,702.36 ", $851.18 
ORD-00603,6/13/2022,CUST-181,Toys,1,North,Car, $15.28 , $15.28 , $15.28 
ORD-00604,4/21/2022,CUST-124,Books,7,East,Science Fiction, $65.07 , $455.49 , $65.07 
ORD-00605,12/4/2022,CUST-106,Apparel,2,East,Shoes, $194.12 , $388.24 , $194.12 
ORD-00606,5/3/2022,CUST-127,Electronics,1,North,Laptop, $596.26 , $596.26 , $596.26 
ORD-00607,12/6/2023,CUST-168,Books,2,South,Science Fiction, $84.48 , $168.96 , $84.48 
ORD-00608,3/23/2023,CUST-166,Furniture,7,North,Chair, $790.92 ," $5,536.44 ", $790.92 
ORD-00609,9/3/2023,CUST-194,Toys,7,North,Car, $52.60 , $368.20 , $52.60 
ORD-00610,10/18/2022,CUST-119,Electronics,6,West,Headphones, $919.54 ," $5,517.24 ", $919.54 
ORD-00611,11/2/2023,CUST-182,Books,5,North,Romance, $34.17 , $170.85 , $34.17 
ORD-00612,2/16/2023,CUST-110,Electronics,3,West,Laptop, $946.53 ," $2,839.59 ", $946.53 
ORD-00613,9/7/2023,CUST-166,Furniture,3,East,Table, $384.46 ," $1,153.38 ", $384.46 
ORD-00614,10/8/2022,CUST-186,Apparel,9,West,Shirt, $43.82 , $394.38 , $43.82 
ORD-00615,2/12/2022,CUST-106,Books,4,North,Romance, $130.35 , $521.40 , $130.35 
ORD-00616,5/1/2023,CUST-122,Electronics,9,East,Laptop, $479.16 ," $4,312.44 ", $479.16 
ORD-00617,8/19/2023,CUST-160,Electronics,4,West,Laptop, $532.16 ," $2,128.64 ", $532.16 
ORD-00618,12/4/2023,CUST-170,Electronics,2,North,Phone, $115.67 , $231.34 , $115.67 
ORD-00619,2/20/2022,CUST-133,Apparel,4,East,Jacket, $75.25 , $301.00 , $75.25 
ORD-00620,7/29/2022,CUST-118,Electronics,6,West,Phone, $745.90 ," $4,475.40 ", $745.90 
ORD-00621,5/6/2022,CUST-157,Toys,6,North,Doll, $17.47 , $104.82 , $17.47 
ORD-00622,5/7/2023,CUST-108,Toys,5,North,Doll, $72.12 , $360.60 , $72.12 
ORD-00623,5/24/2023,CUST-147,Electronics,1,South,Phone, $334.31 , $334.31 , $334.31 
ORD-00624,8/4/2023,CUST-181,Toys,3,South,Car, $95.82 , $287.46 , $95.82 
ORD-00625,9/15/2022,CUST-140,Books,5,West,Mystery, $90.54 , $452.70 , $90.54 
ORD-00626,7/7/2022,CUST-147,Toys,6,West,Puzzle, $75.33 , $451.98 , $75.33 
ORD-00627,8/18/2022,CUST-144,Electronics,1,West,Laptop, $854.00 , $854.00 , $854.00 
ORD-00628,7/8/2022,CUST-124,Furniture,9,North,Chair, $623.78 ," $5,614.02 ", $623.78 
ORD-00629,2/19/2023,CUST-177,Books,3,West,Science Fiction, $81.41 , $244.23 , $81.41 
ORD-00630,1/10/2022,CUST-124,Apparel,3,North,Shirt, $84.83 , $254.49 , $84.83 
ORD-00631,4/24/2022,CUST-118,Electronics,2,West,Laptop, $790.62 ," $1,581.24 ", $790.62 
ORD-00632,3/17/2022,CUST-138,Apparel,8,North,Shoes, $17.91 , $143.28 , $17.91 
ORD-00633,11/7/2023,CUST-178,Furniture,3,North,Chair, $699.14 ," $2,097.42 ", $699.14 
ORD-00634,5/17/2023,CUST-179,Apparel,6,South,Jacket, $175.11 ," $1,050.66 ", $175.11 
ORD-00635,3/26/2022,CUST-126,Electronics,2,East,Laptop, $702.62 ," $1,405.24 ", $702.62 
ORD-00636,2/18/2022,CUST-173,Electronics,7,North,Headphones, $132.40 , $926.80 , $132.40 
ORD-00637,5/10/2023,CUST-162,Furniture,4,West,Chair, $848.50 ," $3,394.00 ", $848.50 
ORD-00638,11/20/2023,CUST-167,Electronics,9,South,Laptop, $195.73 ," $1,761.57 ", $195.73 
ORD-00639,1/22/2023,CUST-118,Furniture,9,West,Chair, $789.82 ," $7,108.38 ", $789.82 
ORD-00640,1/24/2023,CUST-127,Furniture,7,West,Chair, $260.34 ," $1,822.38 ", $260.34 
ORD-00641,8/6/2022,CUST-184,Electronics,8,North,Headphones, $318.20 ," $2,545.60 ", $318.20 
ORD-00642,12/2/2023,CUST-177,Toys,3,North,Car, $11.57 , $34.71 , $11.57 
ORD-00643,12/12/2022,CUST-132,Furniture,5,East,Sofa, $596.17 ," $2,980.85 ", $596.17 
ORD-00644,8/18/2022,CUST-109,Electronics,2,North,Phone, $101.74 , $203.48 , $101.74 
ORD-00645,9/12/2022,CUST-182,Toys,7,North,Car, $96.26 , $673.82 , $96.26 
ORD-00646,8/24/2022,CUST-129,Furniture,8,East,Sofa, $744.96 ," $5,959.68 ", $744.96 
ORD-00647,1/26/2022,CUST-121,Toys,9,West,Puzzle, $25.17 , $226.53 , $25.17 
ORD-00648,8/7/2023,CUST-102,Books,7,East,Science Fiction, $16.26 , $113.82 , $16.26 
ORD-00649,9/18/2022,CUST-181,Books,8,East,Mystery, $148.04 ," $1,184.32 ", $148.04 
ORD-00650,9/28/2022,CUST-174,Toys,9,East,Puzzle, $49.82 , $448.38 , $49.82 
ORD-00651,5/3/2022,CUST-147,Furniture,6,South,Sofa, $371.52 ," $2,229.12 ", $371.52 
ORD-00652,10/18/2023,CUST-101,Electronics,2,West,Phone, $266.50 , $533.00 , $266.50 
ORD-00653,9/14/2022,CUST-175,Apparel,2,South,Jacket, $138.01 , $276.02 , $138.01 
ORD-00654,10/18/2023,CUST-153,Electronics,4,South,Laptop, $583.23 ," $2,332.92 ", $583.23 
ORD-00655,2/25/2023,CUST-105,Apparel,9,North,Jacket, $18.37 , $165.33 , $18.37 
ORD-00656,9/16/2022,CUST-139,Apparel,7,East,Jacket, $35.57 , $248.99 , $35.57 
ORD-00657,2/16/2022,CUST-192,Furniture,2,East,Sofa, $422.75 , $845.50 , $422.75 
ORD-00658,6/9/2023,CUST-193,Toys,8,South,Doll, $45.58 , $364.64 , $45.58 
ORD-00659,7/27/2022,CUST-101,Electronics,7,North,Phone, $587.58 ," $4,113.06 ", $587.58 
ORD-00660,11/7/2022,CUST-172,Toys,9,North,Car, $13.39 , $120.51 , $13.39 
ORD-00661,5/29/2022,CUST-101,Books,8,North,Science Fiction, $14.63 , $117.04 , $14.63 
ORD-00662,3/14/2023,CUST-192,Furniture,3,West,Sofa, $68.99 , $206.97 , $68.99 
ORD-00663,6/4/2022,CUST-196,Furniture,1,South,Sofa, $774.09 , $774.09 , $774.09 
ORD-00664,11/9/2023,CUST-173,Books,2,West,Romance, $15.34 , $30.68 , $15.34 
ORD-00665,3/31/2022,CUST-197,Electronics,2,North,Phone, $562.11 ," $1,124.22 ", $562.11 
ORD-00666,11/29/2023,CUST-154,Books,4,North,Romance, $131.65 , $526.60 , $131.65 
ORD-00667,12/24/2022,CUST-171,Electronics,6,North,Phone, $394.37 ," $2,366.22 ", $394.37 
ORD-00668,6/23/2022,CUST-159,Apparel,4,East,Jacket, $233.28 , $933.12 , $233.28 
ORD-00669,8/5/2022,CUST-196,Furniture,9,South,Table, $786.59 ," $7,079.31 ", $786.59 
ORD-00670,4/1/2023,CUST-105,Electronics,4,East,Laptop, $707.55 ," $2,830.20 ", $707.55 
ORD-00671,9/1/2023,CUST-118,Toys,6,West,Car, $79.23 , $475.38 , $79.23 
ORD-00672,9/21/2023,CUST-195,Toys,6,East,Puzzle, $29.11 , $174.66 , $29.11 
ORD-00673,7/18/2022,CUST-126,Furniture,1,South,Sofa, $986.08 , $986.08 , $986.08 
ORD-00674,5/1/2023,CUST-100,Books,8,East,Science Fiction, $46.34 , $370.72 , $46.34 
ORD-00675,6/17/2023,CUST-132,Books,3,North,Romance, $14.49 , $43.47 , $14.49 
ORD-00676,7/19/2022,CUST-139,Electronics,6,West,Headphones, $363.76 ," $2,182.56 ", $363.76 
ORD-00677,1/6/2023,CUST-131,Books,3,West,Mystery, $107.55 , $322.65 , $107.55 
ORD-00678,3/24/2023,CUST-168,Furniture,2,North,Sofa, $486.91 , $973.82 , $486.91 
ORD-00679,9/5/2022,CUST-116,Electronics,5,North,Laptop, $417.35 ," $2,086.75 ", $417.35 
ORD-00680,9/21/2022,CUST-107,Apparel,1,North,Shirt, $190.31 , $190.31 , $190.31 
ORD-00681,2/27/2022,CUST-156,Books,9,South,Romance, $76.56 , $689.04 , $76.56 
ORD-00682,10/29/2022,CUST-141,Books,7,East,Science Fiction, $79.16 , $554.12 , $79.16 
ORD-00683,1/31/2022,CUST-197,Electronics,3,West,Headphones, $527.66 ," $1,582.98 ", $527.66 
ORD-00684,5/13/2023,CUST-108,Toys,4,East,Car, $77.49 , $309.96 , $77.49 
ORD-00685,9/6/2022,CUST-186,Books,6,North,Romance, $67.31 , $403.86 , $67.31 
ORD-00686,8/28/2023,CUST-134,Furniture,3,North,Chair, $732.15 ," $2,196.45 ", $732.15 
ORD-00687,9/28/2022,CUST-170,Books,7,East,Mystery, $149.37 ," $1,045.59 ", $149.37 
ORD-00688,8/29/2023,CUST-178,Apparel,6,West,Shirt, $22.01 , $132.06 , $22.01 
ORD-00689,10/28/2023,CUST-152,Books,9,South,Mystery, $134.60 ," $1,211.40 ", $134.60 
ORD-00690,1/29/2023,CUST-153,Toys,5,East,Puzzle, $38.70 , $193.50 , $38.70 
ORD-00691,5/17/2023,CUST-183,Books,4,North,Science Fiction, $120.22 , $480.88 , $120.22 
ORD-00692,8/15/2023,CUST-124,Electronics,3,North,Laptop, $364.34 ," $1,093.02 ", $364.34 
ORD-00693,3/25/2022,CUST-166,Books,1,South,Mystery, $105.28 , $105.28 , $105.28 
ORD-00694,12/31/2022,CUST-161,Toys,3,East,Car, $81.63 , $244.89 , $81.63 
ORD-00695,7/3/2023,CUST-154,Electronics,3,South,Phone, $430.52 ," $1,291.56 ", $430.52 
ORD-00696,12/8/2022,CUST-145,Furniture,7,South,Chair, $56.44 , $395.08 , $56.44 
ORD-00697,2/11/2023,CUST-123,Electronics,7,West,Headphones, $912.68 ," $6,388.76 ", $912.68 
ORD-00698,3/1/2023,CUST-197,Apparel,1,West,Shoes, $23.38 , $23.38 , $23.38 
ORD-00699,4/3/2022,CUST-145,Electronics,3,North,Headphones, $853.81 ," $2,561.43 ", $853.81 
ORD-00700,9/6/2023,CUST-121,Furniture,8,East,Chair, $506.83 ," $4,054.64 ", $506.83 
ORD-00701,2/16/2023,CUST-110,Books,9,West,Romance, $77.66 , $698.94 , $77.66 
ORD-00702,3/8/2023,CUST-147,Electronics,7,North,Headphones, $398.53 ," $2,789.71 ", $398.53 
ORD-00703,11/9/2023,CUST-107,Electronics,7,East,Laptop, $459.89 ," $3,219.23 ", $459.89 
ORD-00704,6/8/2022,CUST-138,Electronics,8,North,Phone, $568.92 ," $4,551.36 ", $568.92 
ORD-00705,1/14/2022,CUST-134,Electronics,6,West,Phone, $698.29 ," $4,189.74 ", $698.29 
ORD-00706,1/8/2023,CUST-148,Furniture,3,North,Table, $707.63 ," $2,122.89 ", $707.63 
ORD-00707,8/13/2022,CUST-145,Toys,1,East,Car, $65.51 , $65.51 , $65.51 
ORD-00708,5/20/2023,CUST-137,Toys,7,East,Car, $23.56 , $164.92 , $23.56 
ORD-00709,3/14/2022,CUST-107,Electronics,1,North,Phone, $359.02 , $359.02 , $359.02 
ORD-00710,9/6/2022,CUST-153,Furniture,1,East,Chair, $321.47 , $321.47 , $321.47 
ORD-00711,5/26/2023,CUST-136,Furniture,9,North,Table, $725.87 ," $6,532.83 ", $725.87 
ORD-00712,8/26/2023,CUST-190,Electronics,7,East,Laptop, $288.67 ," $2,020.69 ", $288.67 
ORD-00713,8/4/2022,CUST-191,Apparel,4,North,Shoes, $72.79 , $291.16 , $72.79 
ORD-00714,8/25/2023,CUST-139,Electronics,6,North,Headphones, $152.29 , $913.74 , $152.29 
ORD-00715,6/25/2023,CUST-133,Apparel,1,North,Shoes, $196.86 , $196.86 , $196.86 
ORD-00716,8/8/2022,CUST-195,Electronics,7,South,Laptop, $616.54 ," $4,315.78 ", $616.54 
ORD-00717,12/28/2023,CUST-178,Apparel,6,East,Shoes, $145.04 , $870.24 , $145.04 
ORD-00718,8/9/2022,CUST-116,Apparel,4,West,Shoes, $234.68 , $938.72 , $234.68 
ORD-00719,1/24/2023,CUST-132,Electronics,7,North,Headphones, $705.38 ," $4,937.66 ", $705.38 
ORD-00720,7/8/2023,CUST-146,Apparel,3,South,Shoes, $76.95 , $230.85 , $76.95 
ORD-00721,10/9/2023,CUST-151,Books,1,West,Science Fiction, $35.77 , $35.77 , $35.77 
ORD-00722,2/11/2022,CUST-179,Toys,4,North,Puzzle, $25.25 , $101.00 , $25.25 
ORD-00723,11/7/2023,CUST-192,Furniture,3,West,Table, $990.01 ," $2,970.03 ", $990.01 
ORD-00724,10/10/2022,CUST-108,Apparel,1,South,Jacket, $182.54 , $182.54 , $182.54 
ORD-00725,2/27/2022,CUST-132,Apparel,2,West,Shirt, $182.26 , $364.52 , $182.26 
ORD-00726,6/21/2023,CUST-159,Furniture,5,North,Sofa, $259.01 ," $1,295.05 ", $259.01 
ORD-00727,3/14/2022,CUST-192,Apparel,8,West,Shirt, $19.98 , $159.84 , $19.98 
ORD-00728,5/9/2022,CUST-176,Furniture,1,West,Sofa, $403.98 , $403.98 , $403.98 
ORD-00729,8/22/2023,CUST-120,Electronics,4,North,Headphones, $469.72 ," $1,878.88 ", $469.72 
ORD-00730,3/2/2023,CUST-157,Books,4,South,Romance, $138.43 , $553.72 , $138.43 
ORD-00731,10/27/2023,CUST-184,Books,5,South,Romance, $144.89 , $724.45 , $144.89 
ORD-00732,11/25/2023,CUST-168,Toys,7,West,Car, $5.02 , $35.14 , $5.02 
ORD-00733,5/5/2022,CUST-109,Apparel,8,East,Shoes, $17.30 , $138.40 , $17.30 
ORD-00734,3/8/2022,CUST-105,Toys,6,West,Puzzle, $90.37 , $542.22 , $90.37 
ORD-00735,1/6/2022,CUST-112,Electronics,1,East,Laptop, $778.05 , $778.05 , $778.05 
ORD-00736,9/29/2023,CUST-164,Books,7,West,Romance, $73.21 , $512.47 , $73.21 
ORD-00737,11/10/2022,CUST-119,Electronics,3,South,Laptop, $337.30 ," $1,011.90 ", $337.30 
ORD-00738,11/22/2022,CUST-156,Electronics,6,West,Phone, $430.05 ," $2,580.30 ", $430.05 
ORD-00739,7/19/2023,CUST-145,Apparel,8,West,Jacket, $114.14 , $913.12 , $114.14 
ORD-00740,8/1/2023,CUST-107,Electronics,7,East,Phone, $882.05 ," $6,174.35 ", $882.05 
ORD-00741,5/21/2023,CUST-109,Books,6,South,Mystery, $95.97 , $575.82 , $95.97 
ORD-00742,3/23/2022,CUST-172,Toys,9,East,Doll, $27.02 , $243.18 , $27.02 
ORD-00743,8/22/2023,CUST-166,Books,9,West,Romance, $149.93 ," $1,349.37 ", $149.93 
ORD-00744,1/2/2022,CUST-110,Apparel,1,North,Shirt, $196.34 , $196.34 , $196.34 
ORD-00745,7/23/2022,CUST-111,Books,1,West,Mystery, $24.43 , $24.43 , $24.43 
ORD-00746,10/24/2023,CUST-109,Furniture,1,West,Table, $52.96 , $52.96 , $52.96 
ORD-00747,2/8/2023,CUST-124,Toys,8,East,Puzzle, $41.30 , $330.40 , $41.30 
ORD-00748,4/13/2022,CUST-148,Furniture,7,North,Table, $498.68 ," $3,490.76 ", $498.68 
ORD-00749,6/20/2023,CUST-148,Furniture,3,North,Sofa, $128.52 , $385.56 , $128.52 
ORD-00750,1/3/2023,CUST-188,Apparel,2,East,Shirt, $172.50 , $345.00 , $172.50 
ORD-00751,7/31/2022,CUST-110,Electronics,4,South,Phone, $171.68 , $686.72 , $171.68 
ORD-00752,7/31/2023,CUST-161,Furniture,3,North,Sofa, $324.60 , $973.80 , $324.60 
ORD-00753,7/28/2022,CUST-135,Books,7,North,Science Fiction, $69.84 , $488.88 , $69.84 
ORD-00754,4/27/2022,CUST-138,Electronics,8,East,Laptop, $921.39 ," $7,371.12 ", $921.39 
ORD-00755,9/20/2023,CUST-152,Books,6,South,Romance, $71.62 , $429.72 , $71.62 
ORD-00756,4/23/2023,CUST-189,Books,3,South,Science Fiction, $139.93 , $419.79 , $139.93 
ORD-00757,4/15/2022,CUST-177,Electronics,6,West,Headphones, $448.03 ," $2,688.18 ", $448.03 
ORD-00758,5/10/2023,CUST-155,Electronics,2,West,Laptop, $249.41 , $498.82 , $249.41 
ORD-00759,2/15/2022,CUST-100,Books,7,East,Science Fiction, $113.85 , $796.95 , $113.85 
ORD-00760,11/27/2022,CUST-155,Apparel,7,South,Shirt, $202.39 ," $1,416.73 ", $202.39 
ORD-00761,8/4/2022,CUST-103,Toys,4,East,Car, $27.00 , $108.00 , $27.00 
ORD-00762,5/7/2023,CUST-129,Toys,8,West,Car, $78.95 , $631.60 , $78.95 
ORD-00763,3/25/2023,CUST-111,Apparel,4,East,Jacket, $126.22 , $504.88 , $126.22 
ORD-00764,6/20/2023,CUST-134,Electronics,7,East,Laptop, $100.17 , $701.19 , $100.17 
ORD-00765,5/26/2023,CUST-176,Books,4,North,Mystery, $110.17 , $440.68 , $110.17 
ORD-00766,4/3/2023,CUST-151,Toys,5,North,Puzzle, $21.69 , $108.45 , $21.69 
ORD-00767,7/1/2023,CUST-130,Books,7,North,Romance, $29.02 , $203.14 , $29.02 
ORD-00768,6/20/2023,CUST-186,Apparel,3,West,Jacket, $146.28 , $438.84 , $146.28 
ORD-00769,6/24/2023,CUST-167,Books,5,East,Science Fiction, $143.98 , $719.90 , $143.98 
ORD-00770,4/29/2023,CUST-151,Apparel,3,North,Jacket, $190.02 , $570.06 , $190.02 
ORD-00771,1/16/2022,CUST-179,Electronics,5,North,Headphones, $267.43 ," $1,337.15 ", $267.43 
ORD-00772,7/25/2023,CUST-106,Apparel,3,North,Jacket, $103.55 , $310.65 , $103.55 
ORD-00773,8/31/2022,CUST-121,Apparel,7,West,Shoes, $238.15 ," $1,667.05 ", $238.15 
ORD-00774,7/26/2022,CUST-192,Toys,1,West,Puzzle, $16.68 , $16.68 , $16.68 
ORD-00775,9/28/2022,CUST-174,Books,9,East,Science Fiction, $53.68 , $483.12 , $53.68 
ORD-00776,12/6/2023,CUST-155,Toys,9,East,Puzzle, $94.60 , $851.40 , $94.60 
ORD-00777,4/25/2022,CUST-196,Furniture,5,East,Table, $579.76 ," $2,898.80 ", $579.76 
ORD-00778,8/3/2023,CUST-157,Apparel,9,North,Jacket, $80.41 , $723.69 , $80.41 
ORD-00779,10/26/2022,CUST-192,Furniture,6,South,Table, $125.58 , $753.48 , $125.58 
ORD-00780,4/28/2023,CUST-163,Toys,5,West,Puzzle, $35.56 , $177.80 , $35.56 
ORD-00781,2/1/2023,CUST-111,Books,3,North,Romance, $77.91 , $233.73 , $77.91 
ORD-00782,1/29/2023,CUST-106,Toys,8,North,Doll, $16.71 , $133.68 , $16.71 
ORD-00783,3/16/2022,CUST-154,Books,4,East,Mystery, $30.64 , $122.56 , $30.64 
ORD-00784,4/27/2023,CUST-161,Books,3,East,Mystery, $142.54 , $427.62 , $142.54 
ORD-00785,4/13/2022,CUST-189,Electronics,6,North,Phone, $324.97 ," $1,949.82 ", $324.97 
ORD-00786,10/24/2022,CUST-172,Apparel,8,West,Jacket, $99.67 , $797.36 , $99.67 
ORD-00787,6/27/2022,CUST-197,Toys,9,West,Doll, $21.56 , $194.04 , $21.56 
ORD-00788,8/3/2022,CUST-176,Books,6,North,Romance, $115.16 , $690.96 , $115.16 
ORD-00789,11/11/2022,CUST-154,Toys,5,South,Puzzle, $86.38 , $431.90 , $86.38 
ORD-00790,2/8/2022,CUST-135,Toys,2,South,Car, $93.30 , $186.60 , $93.30 
ORD-00791,9/16/2022,CUST-188,Books,2,West,Science Fiction, $116.81 , $233.62 , $116.81 
ORD-00792,12/17/2023,CUST-123,Furniture,9,East,Sofa, $890.88 ," $8,017.92 ", $890.88 
ORD-00793,1/7/2022,CUST-143,Apparel,2,South,Shirt, $232.67 , $465.34 , $232.67 
ORD-00794,2/18/2022,CUST-116,Apparel,2,South,Jacket, $17.72 , $35.44 , $17.72 
ORD-00795,6/22/2023,CUST-101,Electronics,3,East,Headphones, $112.66 , $337.98 , $112.66 
ORD-00796,6/10/2022,CUST-112,Electronics,3,South,Laptop, $603.63 ," $1,810.89 ", $603.63 
ORD-00797,6/25/2022,CUST-130,Electronics,4,North,Phone, $190.63 , $762.52 , $190.63 
ORD-00798,8/14/2023,CUST-192,Apparel,7,South,Shoes, $154.99 ," $1,084.93 ", $154.99 
ORD-00799,1/2/2022,CUST-127,Furniture,9,East,Chair, $77.07 , $693.63 , $77.07 
ORD-00800,3/31/2023,CUST-159,Apparel,2,North,Jacket, $186.66 , $373.32 , $186.66 
ORD-00801,10/6/2023,CUST-126,Apparel,4,South,Jacket, $178.56 , $714.24 , $178.56 
ORD-00802,10/3/2022,CUST-114,Apparel,9,West,Shirt, $224.27 ," $2,018.43 ", $224.27 
ORD-00803,5/13/2023,CUST-194,Apparel,2,North,Jacket, $58.55 , $117.10 , $58.55 
ORD-00804,9/21/2023,CUST-178,Furniture,1,North,Sofa, $528.90 , $528.90 , $528.90 
ORD-00805,11/7/2023,CUST-132,Electronics,8,West,Headphones, $889.17 ," $7,113.36 ", $889.17 
ORD-00806,1/28/2022,CUST-119,Toys,9,West,Car, $93.00 , $837.00 , $93.00 
ORD-00807,11/29/2022,CUST-141,Electronics,7,South,Laptop, $409.96 ," $2,869.72 ", $409.96 
ORD-00808,1/1/2022,CUST-111,Electronics,8,South,Headphones, $379.76 ," $3,038.08 ", $379.76 
ORD-00809,7/7/2022,CUST-172,Toys,4,East,Doll, $86.48 , $345.92 , $86.48 
ORD-00810,2/25/2022,CUST-122,Apparel,4,East,Shoes, $231.27 , $925.08 , $231.27 
ORD-00811,7/1/2023,CUST-171,Furniture,2,North,Sofa, $263.43 , $526.86 , $263.43 
ORD-00812,4/22/2022,CUST-195,Furniture,8,West,Table, $641.38 ," $5,131.04 ", $641.38 
ORD-00813,11/6/2022,CUST-113,Electronics,2,West,Headphones, $656.80 ," $1,313.60 ", $656.80 
ORD-00814,2/5/2022,CUST-190,Toys,9,East,Car, $5.09 , $45.81 , $5.09 
ORD-00815,3/15/2023,CUST-124,Books,4,North,Science Fiction, $147.93 , $591.72 , $147.93 
ORD-00816,12/30/2023,CUST-176,Apparel,1,North,Shirt, $120.45 , $120.45 , $120.45 
ORD-00817,8/15/2023,CUST-184,Electronics,4,East,Phone, $518.73 ," $2,074.92 ", $518.73 
ORD-00818,8/18/2023,CUST-130,Furniture,3,East,Table, $373.63 ," $1,120.89 ", $373.63 
ORD-00819,7/31/2023,CUST-153,Toys,6,East,Doll, $77.87 , $467.22 , $77.87 
ORD-00820,11/21/2022,CUST-104,Toys,7,South,Doll, $90.99 , $636.93 , $90.99 
ORD-00821,10/2/2023,CUST-112,Electronics,8,North,Phone, $332.08 ," $2,656.64 ", $332.08 
ORD-00822,11/3/2022,CUST-127,Books,2,North,Science Fiction, $91.65 , $183.30 , $91.65 
ORD-00823,6/18/2023,CUST-142,Furniture,6,North,Chair, $190.58 ," $1,143.48 ", $190.58 
ORD-00824,12/29/2023,CUST-188,Electronics,6,East,Phone, $318.70 ," $1,912.20 ", $318.70 
ORD-00825,9/11/2023,CUST-198,Books,5,East,Mystery, $114.01 , $570.05 , $114.01 
ORD-00826,4/19/2022,CUST-146,Toys,7,East,Puzzle, $89.04 , $623.28 , $89.04 
ORD-00827,1/7/2023,CUST-170,Apparel,3,East,Jacket, $247.69 , $743.07 , $247.69 
ORD-00828,12/23/2022,CUST-137,Furniture,4,West,Table, $653.18 ," $2,612.72 ", $653.18 
ORD-00829,6/30/2022,CUST-195,Furniture,9,East,Table, $369.82 ," $3,328.38 ", $369.82 
ORD-00830,12/22/2022,CUST-166,Books,4,South,Science Fiction, $48.38 , $193.52 , $48.38 
ORD-00831,11/7/2023,CUST-161,Electronics,3,West,Laptop, $497.50 ," $1,492.50 ", $497.50 
ORD-00832,3/9/2022,CUST-138,Toys,2,West,Puzzle, $29.37 , $58.74 , $29.37 
ORD-00833,10/19/2022,CUST-136,Books,5,East,Romance, $92.38 , $461.90 , $92.38 
ORD-00834,11/23/2023,CUST-185,Apparel,4,North,Shirt, $93.52 , $374.08 , $93.52 
ORD-00835,6/30/2022,CUST-107,Apparel,8,East,Jacket, $194.06 ," $1,552.48 ", $194.06 
ORD-00836,4/11/2023,CUST-180,Apparel,7,North,Shoes, $156.95 ," $1,098.65 ", $156.95 
ORD-00837,3/10/2023,CUST-151,Books,6,East,Romance, $96.53 , $579.18 , $96.53 
ORD-00838,4/9/2023,CUST-190,Toys,2,East,Puzzle, $15.14 , $30.28 , $15.14 
ORD-00839,11/12/2023,CUST-132,Furniture,3,North,Chair, $203.18 , $609.54 , $203.18 
ORD-00840,6/18/2023,CUST-180,Electronics,9,North,Phone, $979.74 ," $8,817.66 ", $979.74 
ORD-00841,3/7/2022,CUST-141,Furniture,9,North,Sofa, $445.03 ," $4,005.27 ", $445.03 
ORD-00842,1/21/2022,CUST-175,Toys,5,North,Puzzle, $72.76 , $363.80 , $72.76 
ORD-00843,9/4/2023,CUST-126,Furniture,3,South,Sofa, $305.07 , $915.21 , $305.07 
ORD-00844,1/19/2023,CUST-107,Books,2,North,Romance, $146.09 , $292.18 , $146.09 
ORD-00845,9/7/2023,CUST-122,Apparel,8,East,Shoes, $127.31 ," $1,018.48 ", $127.31 
ORD-00846,7/13/2023,CUST-163,Toys,6,East,Puzzle, $36.75 , $220.50 , $36.75 
ORD-00847,2/8/2022,CUST-192,Toys,7,South,Doll, $50.36 , $352.52 , $50.36 
ORD-00848,10/12/2022,CUST-119,Furniture,1,North,Chair, $297.88 , $297.88 , $297.88 
ORD-00849,8/25/2023,CUST-115,Books,1,East,Mystery, $104.53 , $104.53 , $104.53 
ORD-00850,8/20/2023,CUST-116,Furniture,2,South,Table, $209.07 , $418.14 , $209.07 
ORD-00851,12/2/2022,CUST-179,Furniture,3,East,Sofa, $577.69 ," $1,733.07 ", $577.69 
ORD-00852,7/7/2022,CUST-118,Toys,1,South,Doll, $71.22 , $71.22 , $71.22 
ORD-00853,11/2/2023,CUST-107,Furniture,5,South,Chair, $643.14 ," $3,215.70 ", $643.14 
ORD-00854,8/31/2022,CUST-137,Apparel,3,West,Shoes, $51.21 , $153.63 , $51.21 
ORD-00855,3/14/2022,CUST-137,Furniture,1,West,Table, $758.91 , $758.91 , $758.91 
ORD-00856,4/24/2023,CUST-152,Apparel,8,North,Jacket, $32.61 , $260.88 , $32.61 
ORD-00857,7/15/2023,CUST-192,Toys,6,West,Puzzle, $98.10 , $588.60 , $98.10 
ORD-00858,4/11/2022,CUST-199,Books,9,South,Science Fiction, $100.09 , $900.81 , $100.09 
ORD-00859,5/29/2023,CUST-189,Apparel,3,East,Jacket, $27.51 , $82.53 , $27.51 
ORD-00860,6/25/2022,CUST-130,Books,9,East,Mystery, $30.37 , $273.33 , $30.37 
ORD-00861,8/26/2022,CUST-143,Books,9,North,Romance, $128.55 ," $1,156.95 ", $128.55 
ORD-00862,2/28/2022,CUST-159,Apparel,1,West,Shoes, $165.03 , $165.03 , $165.03 
ORD-00863,4/9/2022,CUST-175,Toys,3,North,Puzzle, $23.87 , $71.61 , $23.87 
ORD-00864,5/10/2023,CUST-116,Electronics,6,South,Phone, $495.67 ," $2,974.02 ", $495.67 
ORD-00865,5/29/2023,CUST-178,Books,8,West,Mystery, $15.52 , $124.16 , $15.52 
ORD-00866,10/24/2022,CUST-172,Books,4,North,Mystery, $26.69 , $106.76 , $26.69 
ORD-00867,7/30/2022,CUST-138,Toys,5,East,Doll, $58.31 , $291.55 , $58.31 
ORD-00868,5/3/2022,CUST-141,Toys,9,East,Puzzle, $7.99 , $71.91 , $7.99 
ORD-00869,8/17/2022,CUST-147,Furniture,6,North,Table, $918.37 ," $5,510.22 ", $918.37 
ORD-00870,8/17/2023,CUST-111,Toys,7,North,Car, $42.37 , $296.59 , $42.37 
ORD-00871,10/18/2023,CUST-195,Books,7,North,Mystery, $19.96 , $139.72 , $19.96 
ORD-00872,1/23/2023,CUST-188,Apparel,4,South,Shoes, $134.63 , $538.52 , $134.63 
ORD-00873,5/20/2022,CUST-117,Electronics,4,South,Phone, $859.73 ," $3,438.92 ", $859.73 
ORD-00874,6/25/2023,CUST-178,Furniture,4,East,Sofa, $893.37 ," $3,573.48 ", $893.37 
ORD-00875,1/26/2023,CUST-195,Apparel,5,South,Jacket, $124.60 , $623.00 , $124.60 
ORD-00876,9/27/2022,CUST-105,Electronics,5,South,Phone, $331.63 ," $1,658.15 ", $331.63 
ORD-00877,1/12/2022,CUST-142,Electronics,8,West,Laptop, $308.38 ," $2,467.04 ", $308.38 
ORD-00878,1/24/2023,CUST-134,Electronics,9,South,Phone, $217.88 ," $1,960.92 ", $217.88 
ORD-00879,12/3/2022,CUST-197,Apparel,2,West,Jacket, $142.85 , $285.70 , $142.85 
ORD-00880,5/21/2023,CUST-153,Furniture,7,South,Chair, $835.83 ," $5,850.81 ", $835.83 
ORD-00881,4/16/2022,CUST-161,Furniture,1,East,Chair, $421.69 , $421.69 , $421.69 
ORD-00882,2/1/2022,CUST-168,Electronics,1,North,Headphones, $130.25 , $130.25 , $130.25 
ORD-00883,3/15/2022,CUST-181,Apparel,4,East,Shirt, $110.43 , $441.72 , $110.43 
ORD-00884,6/20/2022,CUST-115,Electronics,7,South,Phone, $500.48 ," $3,503.36 ", $500.48 
ORD-00885,3/10/2022,CUST-107,Toys,2,North,Doll, $48.41 , $96.82 , $48.41 
ORD-00886,12/28/2022,CUST-188,Furniture,2,North,Chair, $265.89 , $531.78 , $265.89 
ORD-00887,10/11/2023,CUST-195,Books,1,North,Mystery, $43.94 , $43.94 , $43.94 
ORD-00888,3/9/2023,CUST-189,Electronics,2,West,Headphones, $873.47 ," $1,746.94 ", $873.47 
ORD-00889,4/10/2022,CUST-185,Toys,7,East,Puzzle, $76.69 , $536.83 , $76.69 
ORD-00890,10/20/2023,CUST-130,Furniture,9,West,Table, $495.39 ," $4,458.51 ", $495.39 
ORD-00891,1/9/2022,CUST-109,Apparel,6,North,Shoes, $184.62 ," $1,107.72 ", $184.62 
ORD-00892,7/28/2023,CUST-155,Furniture,2,East,Chair, $439.96 , $879.92 , $439.96 
ORD-00893,11/28/2023,CUST-175,Apparel,9,East,Shoes, $103.10 , $927.90 , $103.10 
ORD-00894,1/29/2022,CUST-191,Apparel,7,South,Jacket, $223.85 ," $1,566.95 ", $223.85 
ORD-00895,4/24/2022,CUST-169,Electronics,1,West,Headphones, $544.82 , $544.82 , $544.82 
ORD-00896,4/7/2023,CUST-119,Electronics,9,West,Headphones, $186.80 ," $1,681.20 ", $186.80 
ORD-00897,5/23/2022,CUST-104,Furniture,2,South,Chair, $451.29 , $902.58 , $451.29 
ORD-00898,1/25/2023,CUST-122,Toys,4,West,Car, $64.26 , $257.04 , $64.26 
ORD-00899,9/24/2023,CUST-108,Furniture,9,North,Sofa, $67.62 , $608.58 , $67.62 
ORD-00900,11/13/2023,CUST-157,Books,4,North,Mystery, $140.10 , $560.40 , $140.10 
ORD-00901,6/6/2022,CUST-158,Apparel,3,West,Shirt, $246.59 , $739.77 , $246.59 
ORD-00902,12/1/2022,CUST-192,Apparel,1,South,Jacket, $58.35 , $58.35 , $58.35 
ORD-00903,9/17/2022,CUST-179,Electronics,7,East,Headphones, $744.18 ," $5,209.26 ", $744.18 
ORD-00904,3/23/2022,CUST-153,Toys,6,West,Puzzle, $21.18 , $127.08 , $21.18 
ORD-00905,3/17/2023,CUST-145,Electronics,4,East,Headphones, $388.99 ," $1,555.96 ", $388.99 
ORD-00906,6/21/2022,CUST-121,Books,6,South,Mystery, $144.68 , $868.08 , $144.68 
ORD-00907,8/19/2022,CUST-163,Furniture,6,East,Chair, $661.69 ," $3,970.14 ", $661.69 
ORD-00908,12/21/2023,CUST-107,Furniture,4,South,Chair, $77.01 , $308.04 , $77.01 
ORD-00909,3/16/2022,CUST-119,Toys,6,South,Car, $52.49 , $314.94 , $52.49 
ORD-00910,9/27/2022,CUST-150,Electronics,8,North,Phone, $397.76 ," $3,182.08 ", $397.76 
ORD-00911,9/18/2023,CUST-177,Electronics,3,North,Headphones, $612.78 ," $1,838.34 ", $612.78 
ORD-00912,3/3/2022,CUST-138,Books,4,South,Mystery, $146.71 , $586.84 , $146.71 
ORD-00913,11/16/2022,CUST-136,Furniture,1,West,Sofa, $640.77 , $640.77 , $640.77 
ORD-00914,4/12/2022,CUST-149,Electronics,4,North,Phone, $249.51 , $998.04 , $249.51 
ORD-00915,3/5/2023,CUST-133,Toys,9,South,Car, $13.58 , $122.22 , $13.58 
ORD-00916,12/23/2023,CUST-174,Furniture,8,East,Chair, $318.52 ," $2,548.16 ", $318.52 
ORD-00917,9/12/2022,CUST-132,Books,4,East,Mystery, $145.10 , $580.40 , $145.10 
ORD-00918,6/16/2023,CUST-130,Toys,7,West,Car, $86.59 , $606.13 , $86.59 
ORD-00919,7/24/2023,CUST-153,Apparel,3,East,Shirt, $140.95 , $422.85 , $140.95 
ORD-00920,4/22/2022,CUST-143,Books,9,East,Mystery, $104.10 , $936.90 , $104.10 
ORD-00921,11/9/2022,CUST-133,Toys,4,South,Doll, $23.21 , $92.84 , $23.21 
ORD-00922,4/6/2023,CUST-170,Electronics,2,East,Phone, $397.21 , $794.42 , $397.21 
ORD-00923,12/9/2023,CUST-161,Apparel,5,East,Jacket, $165.44 , $827.20 , $165.44 
ORD-00924,4/7/2023,CUST-122,Books,2,East,Science Fiction, $121.94 , $243.88 , $121.94 
ORD-00925,4/2/2022,CUST-145,Electronics,6,East,Phone, $175.38 ," $1,052.28 ", $175.38 
ORD-00926,2/21/2022,CUST-155,Apparel,1,South,Shirt, $89.84 , $89.84 , $89.84 
ORD-00927,6/4/2023,CUST-106,Furniture,6,East,Sofa, $66.06 , $396.36 , $66.06 
ORD-00928,4/8/2022,CUST-188,Electronics,4,West,Headphones, $590.94 ," $2,363.76 ", $590.94 
ORD-00929,8/24/2022,CUST-160,Toys,3,North,Car, $52.57 , $157.71 , $52.57 
ORD-00930,1/9/2023,CUST-102,Books,2,West,Science Fiction, $54.54 , $109.08 , $54.54 
ORD-00931,8/4/2023,CUST-137,Apparel,7,North,Shoes, $132.38 , $926.66 , $132.38 
ORD-00932,7/11/2023,CUST-183,Electronics,9,West,Phone, $243.91 ," $2,195.19 ", $243.91 
ORD-00933,10/11/2023,CUST-133,Furniture,3,North,Sofa, $144.17 , $432.51 , $144.17 
ORD-00934,8/22/2022,CUST-143,Books,6,North,Mystery, $12.79 , $76.74 , $12.79 
ORD-00935,2/1/2022,CUST-129,Books,9,North,Romance, $55.14 , $496.26 , $55.14 
ORD-00936,10/16/2022,CUST-116,Electronics,2,North,Phone, $812.91 ," $1,625.82 ", $812.91 
ORD-00937,9/30/2023,CUST-158,Furniture,7,South,Table, $937.52 ," $6,562.64 ", $937.52 
ORD-00938,8/2/2023,CUST-109,Apparel,5,West,Shoes, $66.55 , $332.75 , $66.55 
ORD-00939,6/26/2023,CUST-198,Electronics,5,North,Laptop, $550.76 ," $2,753.80 ", $550.76 
ORD-00940,4/24/2022,CUST-183,Apparel,7,West,Jacket, $61.13 , $427.91 , $61.13 
ORD-00941,7/23/2022,CUST-117,Books,9,East,Mystery, $105.41 , $948.69 , $105.41 
ORD-00942,1/29/2022,CUST-144,Apparel,4,North,Jacket, $133.48 , $533.92 , $133.48 
ORD-00943,10/5/2023,CUST-190,Furniture,9,West,Sofa, $944.28 ," $8,498.52 ", $944.28 
ORD-00944,4/19/2023,CUST-158,Toys,9,South,Doll, $13.31 , $119.79 , $13.31 
ORD-00945,11/28/2023,CUST-161,Furniture,4,West,Chair, $924.34 ," $3,697.36 ", $924.34 
ORD-00946,9/10/2022,CUST-158,Apparel,3,North,Shoes, $84.44 , $253.32 , $84.44 
ORD-00947,1/21/2023,CUST-148,Electronics,2,East,Laptop, $831.02 ," $1,662.04 ", $831.02 
ORD-00948,3/3/2022,CUST-199,Books,9,West,Science Fiction, $70.53 , $634.77 , $70.53 
ORD-00949,5/30/2023,CUST-162,Toys,2,East,Car, $72.59 , $145.18 , $72.59 
ORD-00950,3/6/2023,CUST-186,Electronics,6,South,Phone, $929.09 ," $5,574.54 ", $929.09 
ORD-00951,8/3/2023,CUST-131,Electronics,5,West,Laptop, $625.26 ," $3,126.30 ", $625.26 
ORD-00952,6/21/2023,CUST-109,Furniture,5,West,Sofa, $837.84 ," $4,189.20 ", $837.84 
ORD-00953,11/22/2023,CUST-110,Apparel,4,South,Shirt, $202.10 , $808.40 , $202.10 
ORD-00954,5/21/2022,CUST-169,Furniture,6,South,Table, $996.17 ," $5,977.02 ", $996.17 
ORD-00955,10/27/2022,CUST-161,Apparel,5,South,Jacket, $232.13 ," $1,160.65 ", $232.13 
ORD-00956,11/6/2023,CUST-146,Furniture,4,North,Sofa, $153.44 , $613.76 , $153.44 
ORD-00957,11/7/2022,CUST-133,Electronics,9,North,Phone, $741.18 ," $6,670.62 ", $741.18 
ORD-00958,4/16/2023,CUST-199,Books,6,West,Romance, $23.81 , $142.86 , $23.81 
ORD-00959,1/28/2023,CUST-116,Apparel,3,West,Shoes, $170.27 , $510.81 , $170.27 
ORD-00960,10/4/2023,CUST-153,Toys,6,West,Puzzle, $54.10 , $324.60 , $54.10 
ORD-00961,3/21/2023,CUST-175,Toys,1,East,Doll, $88.01 , $88.01 , $88.01 
ORD-00962,6/21/2022,CUST-184,Electronics,5,South,Headphones, $708.79 ," $3,543.95 ", $708.79 
ORD-00963,7/30/2023,CUST-139,Furniture,6,West,Table, $829.04 ," $4,974.24 ", $829.04 
ORD-00964,1/31/2022,CUST-118,Furniture,8,South,Chair, $879.52 ," $7,036.16 ", $879.52 
ORD-00965,2/16/2022,CUST-166,Electronics,9,North,Laptop, $325.64 ," $2,930.76 ", $325.64 
ORD-00966,5/10/2022,CUST-181,Toys,3,South,Puzzle, $90.66 , $271.98 , $90.66 
ORD-00967,12/18/2022,CUST-152,Toys,2,East,Puzzle, $17.03 , $34.06 , $17.03 
ORD-00968,9/14/2023,CUST-163,Furniture,4,East,Table, $123.67 , $494.68 , $123.67 
ORD-00969,8/4/2023,CUST-182,Apparel,8,South,Shirt, $183.81 ," $1,470.48 ", $183.81 
ORD-00970,2/27/2022,CUST-146,Books,8,East,Romance, $16.52 , $132.16 , $16.52 
ORD-00971,4/16/2022,CUST-105,Apparel,3,East,Jacket, $227.98 , $683.94 , $227.98 
ORD-00972,11/26/2022,CUST-115,Toys,4,North,Doll, $44.23 , $176.92 , $44.23 
ORD-00973,11/14/2023,CUST-171,Apparel,3,West,Shoes, $77.50 , $232.50 , $77.50 
ORD-00974,1/18/2023,CUST-117,Books,2,East,Mystery, $36.99 , $73.98 , $36.99 
ORD-00975,6/11/2022,CUST-151,Apparel,4,West,Shirt, $180.23 , $720.92 , $180.23 
ORD-00976,10/13/2022,CUST-147,Apparel,6,South,Jacket, $112.51 , $675.06 , $112.51 
ORD-00977,3/12/2022,CUST-142,Apparel,5,South,Shirt, $179.34 , $896.70 , $179.34 
ORD-00978,3/30/2023,CUST-138,Apparel,3,East,Jacket, $111.46 , $334.38 , $111.46 
ORD-00979,7/21/2023,CUST-148,Electronics,2,South,Phone, $327.67 , $655.34 , $327.67 
ORD-00980,2/1/2023,CUST-111,Toys,9,North,Doll, $44.71 , $402.39 , $44.71 
ORD-00981,5/30/2023,CUST-109,Books,1,East,Romance, $37.96 , $37.96 , $37.96 
ORD-00982,1/26/2022,CUST-170,Toys,9,East,Puzzle, $10.60 , $95.40 , $10.60 
ORD-00983,11/9/2022,CUST-154,Electronics,1,East,Phone, $309.22 , $309.22 , $309.22 
ORD-00984,5/6/2022,CUST-100,Electronics,7,South,Headphones, $595.12 ," $4,165.84 ", $595.12 
ORD-00985,2/12/2023,CUST-148,Electronics,6,South,Laptop, $740.15 ," $4,440.90 ", $740.15 
ORD-00986,7/19/2023,CUST-135,Electronics,7,East,Laptop, $418.07 ," $2,926.49 ", $418.07 
ORD-00987,7/17/2022,CUST-120,Apparel,3,West,Shoes, $176.56 , $529.68 , $176.56 
ORD-00988,7/7/2022,CUST-136,Toys,3,South,Puzzle, $18.81 , $56.43 , $18.81 
ORD-00989,11/29/2023,CUST-123,Furniture,1,South,Sofa, $287.30 , $287.30 , $287.30 
ORD-00990,12/17/2023,CUST-154,Books,4,East,Romance, $119.27 , $477.08 , $119.27 
ORD-00991,4/29/2023,CUST-124,Electronics,2,West,Headphones, $872.07 ," $1,744.14 ", $872.07 
ORD-00992,3/26/2023,CUST-106,Toys,8,East,Doll, $74.51 , $596.08 , $74.51 
ORD-00993,6/7/2023,CUST-180,Electronics,3,South,Phone, $227.71 , $683.13 , $227.71 
ORD-00994,12/20/2022,CUST-192,Electronics,7,East,Laptop, $845.74 ," $5,920.18 ", $845.74 
ORD-00995,10/20/2023,CUST-193,Electronics,7,East,Phone, $490.71 ," $3,434.97 ", $490.71 
ORD-00996,8/20/2023,CUST-170,Electronics,9,East,Laptop, $933.75 ," $8,403.75 ", $933.75 
ORD-00997,4/10/2022,CUST-196,Electronics,6,West,Laptop, $542.38 ," $3,254.28 ", $542.38 
ORD-00998,9/8/2023,CUST-170,Books,1,East,Mystery, $106.49 , $106.49 , $106.49 
ORD-00999,7/12/2023,CUST-123,Toys,8,South,Puzzle, $76.92 , $615.36 , $76.92 
ORD-01000,7/10/2023,CUST-110,Electronics,1,East,Phone, $491.52 , $491.52 , $491.52 
